OTU	Kingdom	Phylum	Class	Order	Family	Genus	Specie
OTU_260	Bacteria	Firmicutes	Clostridia	Clostridiales	Lachnospiraceae	Agathobacter	
OTU_246	Bacteria	Firmicutes	Clostridia	Clostridiales	Family XIII	Family XIII UCG-001	
OTU_45	Bacteria	Firmicutes	Clostridia	Clostridiales	Ruminococcaceae	[Eubacterium] coprostanoligenes group	
OTU_224	Bacteria	Firmicutes	Clostridia	Clostridiales	Lachnospiraceae		
OTU_89	Bacteria	Firmicutes	Negativicutes	Selenomonadales	Veillonellaceae	Dialister	
OTU_3	Bacteria	Actinobacteria	Actinobacteria	Bifidobacteriales	Bifidobacteriaceae	Bifidobacterium	Bifidobacterium longum subsp. longum
OTU_102	Bacteria	Firmicutes	Clostridia	Clostridiales	Lachnospiraceae		
OTU_23	Bacteria	Bacteroidetes	Bacteroidia	Bacteroidales	Rikenellaceae	Alistipes	Alistipes finegoldii DSM 17242
OTU_100	Bacteria	Firmicutes	Clostridia	Clostridiales	Lachnospiraceae		
OTU_171	Bacteria	Proteobacteria	Gammaproteobacteria	Oceanospirillales	Endozoicomonadaceae		
OTU_129	Bacteria	Proteobacteria	Gammaproteobacteria	Enterobacteriales	Enterobacteriaceae	Escherichia-Shigella	Escherichia sp. 63
OTU_156	Bacteria	Firmicutes	Clostridia	Clostridiales	Lachnospiraceae	Blautia	
OTU_275	Bacteria	Firmicutes	Clostridia	Clostridiales	Lachnospiraceae	Agathobacter	
OTU_177	Bacteria	Firmicutes	Clostridia	Clostridiales	Lachnospiraceae		
OTU_250	Bacteria	Firmicutes	Clostridia	Clostridiales	Lachnospiraceae		
OTU_139	Bacteria	Firmicutes	Clostridia	Clostridiales	Ruminococcaceae		
OTU_215	Bacteria	Firmicutes	Bacilli	Bacillales	Family XI	Gemella	
OTU_131	Bacteria	Firmicutes	Clostridia	Clostridiales	Lachnospiraceae	Roseburia	
OTU_268	Bacteria	Actinobacteria	Coriobacteriia				
OTU_180	Bacteria	Firmicutes	Clostridia	Clostridiales	Lachnospiraceae	GCA-900066575	
OTU_78	Bacteria	Firmicutes	Clostridia	Clostridiales	Lachnospiraceae	Roseburia	
OTU_68	Bacteria	Firmicutes	Clostridia	Clostridiales	Lachnospiraceae	Blautia	
OTU_113	Bacteria	Firmicutes	Clostridia	Clostridiales	Lachnospiraceae	Agathobacter	
OTU_123	Bacteria	Firmicutes	Clostridia	Clostridiales	Ruminococcaceae		
OTU_118	Bacteria	Firmicutes	Clostridia	Clostridiales	Lachnospiraceae		
OTU_62	Bacteria	Proteobacteria	Gammaproteobacteria	Betaproteobacteriales	Burkholderiaceae	Sutterella	
OTU_55	Bacteria	Tenericutes	Mollicutes	Anaeroplasmatales	Anaeroplasmataceae	Anaeroplasma	
OTU_212	Bacteria	Tenericutes	Mollicutes	Anaeroplasmatales	Anaeroplasmataceae		
OTU_228	Bacteria	Firmicutes	Clostridia	Clostridiales	Lachnospiraceae	Roseburia	
OTU_126	Bacteria	Firmicutes	Clostridia	Clostridiales	Ruminococcaceae	Butyricicoccus	
OTU_53	Bacteria	Firmicutes	Clostridia	Clostridiales	Family XIII	Family XIII UCG-001	
OTU_170	Bacteria	Firmicutes	Clostridia	Clostridiales	Ruminococcaceae	Ruminococcaceae UCG-005	
OTU_197	Bacteria	Firmicutes	Clostridia	Clostridiales	Lachnospiraceae	Agathobacter	
OTU_279	Bacteria	Firmicutes	Bacilli	Lactobacillales	Aerococcaceae	Facklamia	
OTU_109	Bacteria	Proteobacteria	Deltaproteobacteria	Desulfovibrionales	Desulfovibrionaceae	Desulfovibrio	Brachyspira sp. NSH-25
OTU_106	Bacteria	Firmicutes	Clostridia	Clostridiales	Christensenellaceae	Christensenellaceae R-7 group	
OTU_281	Bacteria	Firmicutes	Clostridia	Clostridiales	Christensenellaceae		
OTU_52	Bacteria	Firmicutes	Clostridia	Clostridiales	Lachnospiraceae	[Ruminococcus] torques group	
OTU_122	Bacteria	Bacteroidetes	Bacteroidia	Bacteroidales	Rikenellaceae	Alistipes	
OTU_148	Bacteria	Firmicutes	Clostridia	Clostridiales	Lachnospiraceae		
OTU_152	Bacteria	Firmicutes	Clostridia	Clostridiales	Lachnospiraceae		
OTU_185	Bacteria	Firmicutes	Clostridia	Clostridiales	Lachnospiraceae	[Ruminococcus] torques group	
OTU_287	Bacteria	Firmicutes	Clostridia	Clostridiales	Lachnospiraceae	Agathobacter	
OTU_221	Bacteria	Firmicutes	Clostridia	Clostridiales	Ruminococcaceae	Ruminococcaceae UCG-002	
OTU_51	Bacteria	Firmicutes	Clostridia	Clostridiales	Lachnospiraceae		
OTU_186	Bacteria	Firmicutes	Clostridia	Clostridiales	Ruminococcaceae	Ruminiclostridium 9	
OTU_120	Bacteria	Firmicutes	Clostridia	Clostridiales	Lachnospiraceae		
OTU_72	Bacteria	Firmicutes	Clostridia	Clostridiales	Lachnospiraceae		
OTU_143	Bacteria	Firmicutes	Clostridia	Clostridiales	Ruminococcaceae	Ruminococcaceae UCG-005	
OTU_161	Bacteria	Firmicutes	Clostridia	Clostridiales	Lachnospiraceae		
OTU_58	Bacteria	Firmicutes	Clostridia	Clostridiales	Family XIII	Family XIII UCG-001	
OTU_44	Bacteria	Firmicutes	Clostridia	Clostridiales	Peptostreptococcaceae	Intestinibacter	
OTU_24	Bacteria	Firmicutes	Clostridia	Clostridiales	Ruminococcaceae	Oscillospira	
OTU_257	Bacteria	Firmicutes	Clostridia	Clostridiales	Lachnospiraceae	Agathobacter	
OTU_145	Bacteria	Firmicutes	Clostridia	Clostridiales	Lachnospiraceae		
OTU_134	Bacteria	Firmicutes	Clostridia	Clostridiales	Lachnospiraceae	Roseburia	
OTU_27	Bacteria	Firmicutes	Clostridia	Clostridiales	Lachnospiraceae	[Ruminococcus] gnavus group	
OTU_141	Bacteria	Bacteroidetes	Bacteroidia	Bacteroidales			
OTU_2	Bacteria	Bacteroidetes	Bacteroidia	Bacteroidales	Rikenellaceae	Alistipes	
OTU_274	Bacteria	Firmicutes	Clostridia	Clostridiales	Ruminococcaceae	Butyricicoccus	
OTU_4	Bacteria	Firmicutes	Clostridia	Clostridiales	Lachnospiraceae	Lachnospiraceae NC2004 group	
OTU_96	Bacteria	Firmicutes	Clostridia	Clostridiales	Lachnospiraceae	Roseburia	
OTU_144	Bacteria	Proteobacteria	Gammaproteobacteria	Betaproteobacteriales	Burkholderiaceae	Parasutterella	
OTU_289	Bacteria	Firmicutes	Clostridia	Clostridiales	Lachnospiraceae		
OTU_10	Bacteria	Firmicutes	Clostridia	Clostridiales	Ruminococcaceae	Butyricicoccus	
OTU_210	Bacteria	Firmicutes	Clostridia	Clostridiales	Lachnospiraceae	[Eubacterium] xylanophilum group	
OTU_14	Bacteria	Firmicutes	Clostridia	Clostridiales	Lachnospiraceae	Lachnospiraceae UCG-008	
OTU_163	Bacteria	Firmicutes	Clostridia	Clostridiales	Lachnospiraceae		
OTU_28	Bacteria	Firmicutes	Clostridia	Clostridiales	Lachnospiraceae	Roseburia	
OTU_182	Bacteria	Firmicutes	Clostridia	Clostridiales	Ruminococcaceae	Ruminiclostridium 6	uncultured bacterium adhufec81
OTU_35	Bacteria	Firmicutes	Clostridia	Clostridiales	Lachnospiraceae	[Ruminococcus] gauvreauii group	
OTU_146	Bacteria	Firmicutes	Clostridia	Clostridiales	Clostridiales vadinBB60 group	gut metagenome	
OTU_99	Bacteria	Firmicutes	Clostridia	Clostridiales	Ruminococcaceae	[Eubacterium] coprostanoligenes group	
OTU_191	Bacteria	Firmicutes	Clostridia	Clostridiales	Lachnospiraceae		
OTU_67	Bacteria	Firmicutes	Clostridia	Clostridiales	Family XIII	Family XIII AD3011 group	
OTU_86	Bacteria	Firmicutes	Clostridia	Clostridiales	Lachnospiraceae		
OTU_233	Bacteria	Firmicutes	Bacilli	Lactobacillales	Streptococcaceae		
OTU_90	Bacteria	Firmicutes	Bacilli	Lactobacillales	Enterococcaceae	Enterococcus	Enterococcus faecalis
OTU_48	Bacteria	Firmicutes	Clostridia	Clostridiales	Lachnospiraceae	Lachnospiraceae UCG-001	
OTU_178	Bacteria	Firmicutes	Clostridia	Clostridiales	Ruminococcaceae	Ruminococcaceae NK4A214 group	
OTU_169	Bacteria	Firmicutes	Clostridia	Clostridiales	Lachnospiraceae	GCA-900066575	
OTU_179	Bacteria	Firmicutes	Clostridia	Clostridiales	Christensenellaceae		
OTU_38	Bacteria	Firmicutes	Clostridia	Clostridiales	Lachnospiraceae	[Eubacterium] ventriosum group	
OTU_85	Bacteria	Firmicutes	Clostridia	Clostridiales	Lachnospiraceae		
OTU_32	Bacteria	Firmicutes	Clostridia	Clostridiales	Ruminococcaceae	Ruminococcus 2	
OTU_258	Bacteria	Firmicutes	Clostridia	Clostridiales	Ruminococcaceae		
OTU_19	Bacteria	Firmicutes	Clostridia	Clostridiales	Lachnospiraceae	Lachnospiraceae NK4A136 group	
OTU_153	Bacteria	Bacteroidetes	Bacteroidia	Bacteroidales	Rikenellaceae	Alistipes	gut metagenome
OTU_239	Bacteria	Firmicutes	Clostridia	Clostridiales	Lachnospiraceae	Hungatella	
OTU_189	Bacteria	Firmicutes	Bacilli	Lactobacillales			
OTU_202	Bacteria	Firmicutes	Bacilli				
OTU_22	Bacteria	Firmicutes	Clostridia	Clostridiales	Ruminococcaceae	Ruminococcaceae UCG-013	
OTU_6	Bacteria	Firmicutes	Clostridia	Clostridiales	Lachnospiraceae	Anaerostipes	
OTU_115	Bacteria	Firmicutes	Clostridia	Clostridiales	Lachnospiraceae	Anaerostipes	
OTU_199	Bacteria	Firmicutes	Clostridia	Clostridiales	Lachnospiraceae	Lachnospiraceae NC2004 group	
OTU_181	Bacteria	Firmicutes	Clostridia	Clostridiales	Christensenellaceae	Christensenellaceae R-7 group	
OTU_75	Bacteria	Firmicutes	Clostridia	Clostridiales	Lachnospiraceae	[Eubacterium] xylanophilum group	
OTU_266	Bacteria	Firmicutes	Clostridia	Clostridiales	Lachnospiraceae		
OTU_207	Bacteria	Firmicutes	Clostridia	Clostridiales	Ruminococcaceae	Anaerotruncus	
OTU_133	Bacteria	Firmicutes	Clostridia	Clostridiales	Lachnospiraceae	[Ruminococcus] torques group	uncultured Clostridium sp.
OTU_225	Bacteria	Firmicutes	Clostridia	Clostridiales	Lachnospiraceae	Lachnospira	
OTU_204	Bacteria	Firmicutes	Clostridia	Clostridiales			
OTU_17	Bacteria	Firmicutes	Clostridia	Clostridiales	Lachnospiraceae	Fusicatenibacter	
OTU_237	Bacteria	Firmicutes	Clostridia	Clostridiales	Lachnospiraceae		
OTU_232	Bacteria	Firmicutes	Clostridia	Clostridiales	Ruminococcaceae		
OTU_41	Bacteria	Bacteroidetes	Bacteroidia	Bacteroidales	Rikenellaceae	Alistipes	
OTU_277	Bacteria	Firmicutes	Clostridia	Clostridiales	Ruminococcaceae	Ruminiclostridium 9	
OTU_5	Bacteria	Actinobacteria	Actinobacteria	Bifidobacteriales	Bifidobacteriaceae	Bifidobacterium	Bifidobacterium kashiwanohense
OTU_108	Bacteria	Firmicutes	Clostridia	Clostridiales	Lachnospiraceae	Lachnospiraceae UCG-008	
OTU_231	Bacteria	Firmicutes	Clostridia	Clostridiales	Lachnospiraceae	Lachnospiraceae UCG-008	
OTU_66	Bacteria	Firmicutes	Clostridia	Clostridiales	Ruminococcaceae	Ruminococcaceae UCG-002	
OTU_49	Bacteria	Bacteroidetes	Bacteroidia	Bacteroidales	Rikenellaceae	Alistipes	
OTU_276	Bacteria	Bacteroidetes	Bacteroidia	Bacteroidales	Rikenellaceae	Alistipes	
OTU_147	Bacteria	Firmicutes	Clostridia	Clostridiales	Lachnospiraceae	Blautia	
OTU_222	Bacteria	Firmicutes	Clostridia	Clostridiales	Lachnospiraceae		
OTU_73	Bacteria	Firmicutes	Clostridia	Clostridiales	Ruminococcaceae	Ruminiclostridium 9	Colidextribacter massiliensis
OTU_269	Bacteria	Firmicutes	Clostridia	Clostridiales	Lachnospiraceae	Roseburia	
OTU_13	Bacteria	Firmicutes	Clostridia	Clostridiales	Lachnospiraceae	[Eubacterium] eligens group	
OTU_175	Bacteria	Firmicutes	Clostridia	Clostridiales	Ruminococcaceae	Butyricicoccus	
OTU_259	Bacteria	Firmicutes	Clostridia	Clostridiales	Lachnospiraceae	Lachnoclostridium	
OTU_205	Bacteria	Firmicutes	Clostridia	Clostridiales	Ruminococcaceae	Ruminococcaceae UCG-010	
OTU_243	Bacteria	Firmicutes	Clostridia	Clostridiales	Lachnospiraceae	Agathobacter	
OTU_253	Bacteria	Firmicutes	Clostridia	Clostridiales	Lachnospiraceae	Roseburia	
OTU_235	Bacteria	Firmicutes	Clostridia	Clostridiales	Lachnospiraceae	[Eubacterium] hallii group	
OTU_20	Bacteria	Firmicutes	Clostridia	Clostridiales	Ruminococcaceae		
OTU_29	Bacteria	Firmicutes	Bacilli	Lactobacillales	Streptococcaceae	Streptococcus	
OTU_77	Bacteria	Firmicutes	Clostridia	Clostridiales	Lachnospiraceae	Coprococcus 1	
OTU_103	Bacteria	Firmicutes	Clostridia	Clostridiales	Lachnospiraceae	Lachnospiraceae UCG-004	
OTU_255	Bacteria	Firmicutes	Erysipelotrichia	Erysipelotrichales	Erysipelotrichaceae	Holdemania	Holdemania massiliensis AP2
OTU_227	Bacteria	Firmicutes	Clostridia	Clostridiales	Ruminococcaceae		
OTU_201	Bacteria	Firmicutes	Clostridia	Clostridiales	Lachnospiraceae	Roseburia	
OTU_1	Bacteria	Firmicutes	Clostridia	Clostridiales	Lachnospiraceae	Roseburia	
OTU_168	Bacteria	Firmicutes	Clostridia	Clostridiales	Peptostreptococcaceae	Romboutsia	
OTU_285	Bacteria	Firmicutes	Clostridia	Clostridiales	Christensenellaceae	Christensenellaceae R-7 group	metagenome
OTU_267	Bacteria	Firmicutes	Clostridia	Clostridiales	Ruminococcaceae	Butyricicoccus	
OTU_261	Bacteria	Firmicutes	Clostridia	Clostridiales	Lachnospiraceae	GCA-900066755	
OTU_54	Bacteria	Firmicutes	Clostridia	Clostridiales	Ruminococcaceae		
OTU_84	Bacteria	Firmicutes	Clostridia	Clostridiales	Lachnospiraceae	Roseburia	
OTU_9	Bacteria	Firmicutes	Clostridia	Clostridiales	Ruminococcaceae	Ruminococcaceae UCG-002	
OTU_83	Bacteria	Firmicutes	Clostridia	Clostridiales	Lachnospiraceae	Lachnospira	
OTU_8	Bacteria	Firmicutes	Negativicutes	Selenomonadales	Veillonellaceae	Dialister	
OTU_121	Bacteria	Firmicutes	Negativicutes	Selenomonadales	Veillonellaceae	Dialister	
OTU_220	Bacteria	Firmicutes	Negativicutes	Selenomonadales	Veillonellaceae	Dialister	
OTU_50	Bacteria	Firmicutes	Clostridia	Clostridiales	Ruminococcaceae	Oscillibacter	
OTU_234	Bacteria	Firmicutes	Clostridia	Clostridiales			
OTU_162	Bacteria	Bacteroidetes	Bacteroidia	Bacteroidales	Rikenellaceae	Alistipes	
OTU_36	Bacteria	Bacteroidetes	Bacteroidia	Bacteroidales	Rikenellaceae	Alistipes	
OTU_158	Bacteria	Firmicutes	Clostridia	Clostridiales	Lachnospiraceae	Lachnospiraceae FCS020 group	
OTU_241	Bacteria	Firmicutes	Clostridia	Clostridiales	Lachnospiraceae	Fusicatenibacter	
OTU_18	Bacteria	Firmicutes	Clostridia	Clostridiales	Lachnospiraceae	Dorea	
OTU_252	Bacteria	Actinobacteria	Coriobacteriia	Coriobacteriales	Eggerthellaceae	Eggerthella	
OTU_229	Bacteria	Firmicutes	Clostridia	Clostridiales	Ruminococcaceae	Ruminococcaceae UCG-005	uncultured bacterium adhufec108
OTU_248	Bacteria	Firmicutes	Bacilli	Lactobacillales			
OTU_284	Bacteria	Firmicutes	Clostridia	Clostridiales	Ruminococcaceae	Butyricicoccus	
OTU_105	Bacteria	Actinobacteria	Coriobacteriia	Coriobacteriales	Coriobacteriales Incertae Sedis		gut metagenome
OTU_247	Bacteria	Firmicutes	Clostridia	Clostridiales	Lachnospiraceae		
OTU_47	Bacteria	Firmicutes	Clostridia	Clostridiales	Ruminococcaceae	Ruminococcus 1	
OTU_15	Bacteria	Firmicutes	Clostridia	Clostridiales	Lachnospiraceae	[Eubacterium] hallii group	
OTU_242	Bacteria	Firmicutes	Clostridia	Clostridiales	Peptostreptococcaceae	Terrisporobacter	
OTU_59	Bacteria	Firmicutes	Clostridia	Clostridiales	Lachnospiraceae	Lachnospiraceae UCG-001	
OTU_132	Bacteria	Bacteroidetes	Bacteroidia	Bacteroidales	Rikenellaceae	Alistipes	
OTU_79	Bacteria	Actinobacteria	Actinobacteria	Bifidobacteriales	Bifidobacteriaceae	Bifidobacterium	
OTU_164	Bacteria	Firmicutes	Clostridia	Clostridiales	Ruminococcaceae	Ruminococcaceae NK4A214 group	
OTU_40	Bacteria	Firmicutes	Clostridia	Clostridiales	Lachnospiraceae	Roseburia	
OTU_198	Bacteria	Patescibacteria	Saccharimonadia	Saccharimonadales	Saccharimonadaceae		
OTU_119	Bacteria	Firmicutes	Clostridia	Clostridiales	Ruminococcaceae	Candidatus Soleaferrea	Bittarella massiliensis
OTU_104	Bacteria	Firmicutes	Clostridia	Clostridiales	Ruminococcaceae		
OTU_30	Bacteria	Firmicutes	Clostridia	Clostridiales	Lachnospiraceae	Lachnoclostridium	human gut metagenome
OTU_82	Bacteria	Firmicutes	Clostridia	Clostridiales	Lachnospiraceae	Blautia	
OTU_290	Bacteria	Firmicutes	Clostridia	Clostridiales	Ruminococcaceae		
OTU_60	Bacteria	Firmicutes	Clostridia	Clostridiales	Lachnospiraceae	[Eubacterium] hallii group	
OTU_203	Bacteria	Firmicutes	Clostridia	Clostridiales	Lachnospiraceae	Roseburia	
OTU_65	Bacteria	Firmicutes	Clostridia	Clostridiales	Lachnospiraceae	Lachnospiraceae ND3007 group	
OTU_76	Bacteria	Firmicutes	Clostridia	Clostridiales	Lachnospiraceae	Lachnospiraceae NK4A136 group	
OTU_71	Bacteria	Firmicutes	Bacilli	Lactobacillales	Streptococcaceae	Streptococcus	Streptococcus sp. S16-11
OTU_154	Bacteria	Firmicutes	Clostridia	Clostridiales	Lachnospiraceae	Tyzzerella	
OTU_7	Bacteria	Firmicutes	Clostridia	Clostridiales	Lachnospiraceae	Roseburia	
OTU_94	Bacteria	Firmicutes	Clostridia	Clostridiales	Lachnospiraceae		
OTU_190	Bacteria	Actinobacteria	Coriobacteriia	Coriobacteriales	Eggerthellaceae	Senegalimassilia	
OTU_69	Bacteria	Firmicutes	Clostridia	Clostridiales	Lachnospiraceae	Roseburia	
OTU_218	Bacteria	Firmicutes	Clostridia	Clostridiales	Family XIII	Family XIII AD3011 group	
OTU_245	Bacteria	Firmicutes	Clostridia	Clostridiales	Ruminococcaceae	Ruminiclostridium 5	
OTU_42	Bacteria	Bacteroidetes	Bacteroidia	Bacteroidales	Rikenellaceae	Alistipes	
OTU_188	Bacteria	Firmicutes	Clostridia	Clostridiales	Lachnospiraceae	Anaerostipes	
OTU_282	Bacteria	Bacteroidetes	Bacteroidia	Bacteroidales	Rikenellaceae		
OTU_11	Bacteria	Firmicutes	Clostridia	Clostridiales	Clostridiaceae 1	Clostridium sensu stricto 1	
OTU_206	Bacteria	Firmicutes	Clostridia	Clostridiales	Ruminococcaceae	Phocea	Anaerotruncus colihominis
OTU_21	Bacteria	Firmicutes	Clostridia	Clostridiales	Ruminococcaceae	Ruminococcaceae UCG-014	
OTU_101	Bacteria	Bacteroidetes	Bacteroidia	Bacteroidales	Rikenellaceae	Alistipes	Bacteroides sp. DSM 12148
OTU_208	Bacteria	Firmicutes	Clostridia	Clostridiales	Lachnospiraceae		
OTU_57	Bacteria	Firmicutes	Clostridia	Clostridiales	Lachnospiraceae	Dorea	
OTU_166	Bacteria	Firmicutes	Clostridia	Clostridiales	Ruminococcaceae	Ruminococcaceae UCG-002	
OTU_56	Bacteria	Firmicutes	Clostridia	Clostridiales	Lachnospiraceae	Roseburia	
OTU_160	Bacteria	Firmicutes	Clostridia	Clostridiales	Christensenellaceae	Christensenellaceae R-7 group	
OTU_88	Bacteria	Firmicutes	Clostridia	Clostridiales	Ruminococcaceae	Ruminococcaceae UCG-014	
OTU_194	Bacteria	Firmicutes	Clostridia	Clostridiales	Lachnospiraceae		
OTU_288	Bacteria	Firmicutes	Clostridia	Clostridiales	Lachnospiraceae	Lachnospira	
OTU_211	Bacteria	Firmicutes	Clostridia	Clostridiales	Ruminococcaceae	Ruminococcaceae UCG-011	
OTU_236	Bacteria	Firmicutes	Clostridia	Clostridiales	Lachnospiraceae		
OTU_112	Bacteria	Firmicutes	Clostridia	Clostridiales	Ruminococcaceae	Ruminiclostridium 9	
OTU_270	Bacteria	Firmicutes	Clostridia	Clostridiales	Lachnospiraceae	[Ruminococcus] torques group	
OTU_80	Bacteria	Firmicutes	Clostridia	Clostridiales	Lachnospiraceae	Tyzzerella 3	
OTU_219	Bacteria	Proteobacteria	Gammaproteobacteria	Pasteurellales	Pasteurellaceae	Haemophilus	
OTU_87	Bacteria	Actinobacteria	Coriobacteriia	Coriobacteriales	Coriobacteriales Incertae Sedis		
OTU_138	Bacteria	Actinobacteria	Actinobacteria	Bifidobacteriales	Bifidobacteriaceae	Bifidobacterium	
OTU_193	Bacteria	Firmicutes	Clostridia	Clostridiales	Lachnospiraceae	Eisenbergiella	
OTU_111	Bacteria	Firmicutes	Clostridia	Clostridiales	Ruminococcaceae	Intestinimonas	Intestinimonas butyriciproducens
OTU_187	Bacteria	Firmicutes	Erysipelotrichia	Erysipelotrichales	Erysipelotrichaceae	Erysipelotrichaceae UCG-003	
OTU_74	Bacteria	Firmicutes	Clostridia	Clostridiales	Ruminococcaceae	Ruminiclostridium 9	
OTU_165	Bacteria	Firmicutes	Clostridia	Clostridiales	Ruminococcaceae	Butyricicoccus	
OTU_157	Bacteria	Firmicutes	Clostridia	Clostridiales	Lachnospiraceae	Lachnospiraceae FCS020 group	
OTU_37	Bacteria	Firmicutes	Clostridia	Clostridiales	Ruminococcaceae	Ruminococcaceae UCG-003	
OTU_176	Bacteria	Firmicutes	Clostridia	Clostridiales	Ruminococcaceae		
OTU_26	Bacteria	Proteobacteria	Gammaproteobacteria	Betaproteobacteriales	Burkholderiaceae	Sutterella	
OTU_244	Bacteria	Firmicutes	Clostridia	Clostridiales	Lachnospiraceae	Roseburia	
OTU_216	Bacteria	Firmicutes	Clostridia	Clostridiales	Ruminococcaceae		
OTU_97	Bacteria	Firmicutes	Clostridia	Clostridiales	Lachnospiraceae		
OTU_209	Bacteria	Firmicutes	Clostridia	Clostridiales	Ruminococcaceae	Ruminococcaceae UCG-014	
OTU_110	Bacteria	Firmicutes	Clostridia	Clostridiales	Lachnospiraceae	Blautia	
OTU_130	Bacteria	Firmicutes	Clostridia	Clostridiales	Ruminococcaceae	Ruminococcaceae UCG-009	
OTU_256	Bacteria	Firmicutes	Clostridia	Clostridiales	Ruminococcaceae	Ruminococcaceae UCG-011	
OTU_92	Bacteria	Firmicutes	Clostridia	Clostridiales	Ruminococcaceae	Ruminococcaceae UCG-014	
OTU_91	Bacteria	Actinobacteria	Actinobacteria	Bifidobacteriales	Bifidobacteriaceae	Bifidobacterium	Bifidobacterium animalis subsp. lactis BB-12
OTU_128	Bacteria	Firmicutes	Clostridia	Clostridiales	Lachnospiraceae	[Ruminococcus] torques group	uncultured Ruminococcus sp.
OTU_12	Bacteria	Firmicutes	Clostridia	Clostridiales	Ruminococcaceae	Oscillibacter	
OTU_151	Bacteria	Firmicutes	Clostridia	Clostridiales	Ruminococcaceae	Oscillibacter	
OTU_167	Bacteria	Firmicutes	Clostridia	Clostridiales	Lachnospiraceae		
OTU_230	Bacteria	Firmicutes	Clostridia	Clostridiales	Lachnospiraceae	Roseburia	
OTU_240	Bacteria	Firmicutes	Clostridia	Clostridiales	Lachnospiraceae		
OTU_95	Bacteria	Firmicutes	Clostridia	Clostridiales	Ruminococcaceae	Ruminiclostridium 9	Clostridium sp. Marseille-P2776
OTU_63	Bacteria	Firmicutes	Clostridia	Clostridiales	Ruminococcaceae	Faecalibacterium	
OTU_278	Bacteria	Bacteroidetes	Bacteroidia	Bacteroidales	Rikenellaceae		
OTU_93	Bacteria	Firmicutes	Clostridia	Clostridiales	Ruminococcaceae	Ruminococcaceae UCG-005	
OTU_150	Bacteria	Firmicutes	Clostridia	Clostridiales	Ruminococcaceae		
OTU_192	Bacteria	Firmicutes	Clostridia	Clostridiales	Lachnospiraceae	Roseburia	
OTU_70	Bacteria	Firmicutes	Clostridia	Clostridiales	Ruminococcaceae	Ruminococcaceae UCG-005	
OTU_116	Bacteria	Firmicutes	Clostridia	Clostridiales	Ruminococcaceae		
OTU_137	Bacteria	Firmicutes	Clostridia	Clostridiales	Lachnospiraceae	CAG-56	
OTU_31	Bacteria	Firmicutes	Clostridia	Clostridiales	Lachnospiraceae	[Eubacterium] eligens group	
OTU_264	Bacteria	Firmicutes	Clostridia	Clostridiales	Lachnospiraceae		
OTU_43	Bacteria	Firmicutes	Clostridia	Clostridiales	Christensenellaceae	Christensenellaceae R-7 group	
OTU_140	Bacteria	Firmicutes	Clostridia	Clostridiales	Lachnospiraceae		
OTU_280	Bacteria	Firmicutes	Clostridia	Clostridiales	Lachnospiraceae	Anaerostipes	
OTU_272	Bacteria	Actinobacteria	Actinobacteria	Corynebacteriales	Mycobacteriaceae		
OTU_107	Bacteria	Firmicutes	Clostridia	Clostridiales	Ruminococcaceae	Butyricicoccus	Clostridiales bacterium DJF_B152
OTU_125	Bacteria	Firmicutes	Clostridia	Clostridiales	Lachnospiraceae	Anaerostipes	
OTU_273	Bacteria	Firmicutes	Clostridia	Clostridiales	Ruminococcaceae	Ruminococcaceae UCG-003	
OTU_213	Bacteria	Actinobacteria	Coriobacteriia	Coriobacteriales			
OTU_249	Bacteria	Firmicutes	Clostridia	Clostridiales	Ruminococcaceae		
OTU_127	Bacteria	Firmicutes	Clostridia	Clostridiales	Clostridiaceae 1	Clostridium sensu stricto 1	
OTU_173	Bacteria	Firmicutes	Clostridia	Clostridiales	Ruminococcaceae	Subdoligranulum	
OTU_114	Bacteria	Firmicutes	Clostridia	Clostridiales	Ruminococcaceae	Anaerotruncus	
OTU_214	Bacteria	Firmicutes	Clostridia	Clostridiales	Lachnospiraceae	Roseburia	
OTU_117	Bacteria	Firmicutes	Clostridia	Clostridiales	Family XIII	Family XIII AD3011 group	
OTU_195	Bacteria	Proteobacteria	Gammaproteobacteria	Gammaproteobacteria Incertae Sedis	Unknown Family		
OTU_25	Bacteria	Firmicutes	Erysipelotrichia	Erysipelotrichales	Erysipelotrichaceae	Turicibacter	
OTU_223	Bacteria	Firmicutes	Clostridia	Clostridiales	Lachnospiraceae	Lachnoclostridium 5	
OTU_155	Bacteria	Firmicutes	Clostridia	Clostridiales	Lachnospiraceae		
OTU_238	Bacteria	Firmicutes	Clostridia				
OTU_196	Bacteria	Firmicutes	Negativicutes	Selenomonadales	Acidaminococcaceae	Phascolarctobacterium	
OTU_98	Bacteria	Firmicutes	Clostridia	Clostridiales	Lachnospiraceae	Lachnoclostridium	
OTU_251	Bacteria	Firmicutes	Clostridia	Clostridiales	Lachnospiraceae	Roseburia	
OTU_64	Bacteria	Firmicutes	Clostridia	Clostridiales	Clostridiaceae 1	Clostridium sensu stricto 1	
OTU_39	Bacteria	Firmicutes	Clostridia	Clostridiales	Lachnospiraceae	Coprococcus 3	
OTU_81	Bacteria	Firmicutes	Clostridia	Clostridiales	Lachnospiraceae	Lachnospiraceae UCG-004	uncultured Clostridium sp.
OTU_265	Bacteria	Firmicutes	Clostridia	Clostridiales	Ruminococcaceae	Ruminococcus 1	
OTU_142	Bacteria	Firmicutes	Clostridia	Clostridiales	Ruminococcaceae	Intestinimonas	
OTU_200	Bacteria	Firmicutes	Clostridia	Clostridiales	Lachnospiraceae		
OTU_271	Bacteria	Firmicutes	Clostridia	Clostridiales	Ruminococcaceae	Ruminococcaceae UCG-005	
OTU_136	Bacteria	Firmicutes	Clostridia	Clostridiales	Lachnospiraceae		
OTU_61	Bacteria	Firmicutes	Clostridia	Clostridiales	Ruminococcaceae	Ruminococcaceae UCG-004	
OTU_226	Bacteria	Firmicutes	Clostridia	Clostridiales	Ruminococcaceae	Ruminococcaceae UCG-005	
OTU_183	Bacteria	Firmicutes	Clostridia	Clostridiales	Lachnospiraceae	Pseudobutyrivibrio	
OTU_174	Bacteria	Firmicutes	Clostridia	Clostridiales	Lachnospiraceae	Blautia	
OTU_34	Bacteria	Firmicutes	Clostridia	Clostridiales	Ruminococcaceae	Ruminiclostridium 9	
OTU_184	Bacteria	Firmicutes	Clostridia	Clostridiales	Ruminococcaceae		
OTU_46	Bacteria	Firmicutes	Clostridia	Clostridiales	Ruminococcaceae	Flavonifractor	
OTU_286	Bacteria	Firmicutes	Clostridia	Clostridiales	Ruminococcaceae		Intestinimonas gabonensis
OTU_172	Bacteria	Actinobacteria	Actinobacteria	Bifidobacteriales	Bifidobacteriaceae	Bifidobacterium	
OTU_33	Bacteria	Bacteroidetes	Bacteroidia	Bacteroidales	Rikenellaceae	Alistipes	
OTU_263	Bacteria	Firmicutes	Clostridia	Clostridiales	Ruminococcaceae		
OTU_254	Bacteria	Firmicutes	Clostridia	Clostridiales	Lachnospiraceae	Dorea	
OTU_16	Bacteria	Firmicutes	Clostridia	Clostridiales	Peptostreptococcaceae	Romboutsia	
OTU_149	Bacteria	Firmicutes	Clostridia	Clostridiales	Lachnospiraceae	Anaerostipes	
OTU_135	Bacteria	Firmicutes	Clostridia	Clostridiales	Ruminococcaceae	Ruminococcaceae UCG-002	
OTU_159	Bacteria	Proteobacteria	Gammaproteobacteria	Betaproteobacteriales	Burkholderiaceae	Parasutterella	
OTU_217	Bacteria	Firmicutes	Clostridia	Clostridiales	Ruminococcaceae	Ruminiclostridium 5	
OTU_124	Bacteria	Firmicutes	Clostridia	Clostridiales	Lachnospiraceae	[Eubacterium] ventriosum group	
OTU_262	Bacteria	Firmicutes	Clostridia	Clostridiales	Lachnospiraceae	Agathobacter	
