OTU	domain	phylum	class	order	family	genus
OTU_19	Bacteria	Firmicutes	Clostridia	Clostridiales	Ruminococcaceae	Faecalibacterium
OTU_88	Bacteria	Firmicutes	Clostridia	Clostridiales	Lachnospiraceae	Roseburia
OTU_86	Bacteria	Firmicutes	Clostridia	Clostridiales	Lachnospiraceae	Blautia
OTU_34	Bacteria	Firmicutes	Clostridia	Clostridiales	Lachnospiraceae	Blautia
OTU_57	Bacteria	Bacteroidetes	Bacteroidia	Bacteroidales	Bacteroidaceae	Bacteroides
OTU_82	Bacteria	Actinobacteria	Actinobacteria	Bifidobacteriales	Bifidobacteriaceae	Bifidobacterium
OTU_61	Bacteria	Firmicutes	Clostridia	Clostridiales	Ruminococcaceae	Gemmiger
OTU_217	Bacteria	Firmicutes	Clostridia	Clostridiales	Ruminococcaceae	
OTU_17	Bacteria	Firmicutes	Clostridia	Clostridiales	Lachnospiraceae	Lachnospiracea_incertae_sedis
OTU_65	Bacteria	Firmicutes	Clostridia	Clostridiales	Lachnospiraceae	Dorea
OTU_38	Bacteria	Firmicutes	Clostridia	Clostridiales	Lachnospiraceae	Lachnospiracea_incertae_sedis
OTU_44	Bacteria	Firmicutes	Clostridia	Clostridiales	Lachnospiraceae	Coprococcus
OTU_25	Bacteria	Bacteroidetes	Bacteroidia	Bacteroidales	Bacteroidaceae	Bacteroides
OTU_241	Bacteria	Bacteroidetes	Bacteroidia	Bacteroidales	Rikenellaceae	Alistipes
OTU_160	Bacteria	Bacteroidetes	Bacteroidia	Bacteroidales	Bacteroidaceae	Bacteroides
OTU_239	Bacteria	Firmicutes	Clostridia	Clostridiales	Ruminococcaceae	Ruminococcus
OTU_29	Bacteria	Firmicutes	Clostridia	Clostridiales	Lachnospiraceae	Lachnospiracea_incertae_sedis
OTU_303	Bacteria	Bacteroidetes	Bacteroidia	Bacteroidales	Bacteroidaceae	Bacteroides
OTU_1	Bacteria	Firmicutes	Clostridia	Clostridiales	Ruminococcaceae	
OTU_107	Bacteria	Firmicutes	Clostridia	Clostridiales		
OTU_103	Bacteria	Firmicutes	Bacilli	Lactobacillales	Streptococcaceae	Streptococcus
OTU_197	Bacteria	Firmicutes	Clostridia	Clostridiales	Ruminococcaceae	
OTU_33	Bacteria	Bacteroidetes	Bacteroidia	Bacteroidales	Bacteroidaceae	Bacteroides
OTU_104	Bacteria	Firmicutes	Clostridia	Clostridiales	Lachnospiraceae	Coprococcus
OTU_101	Bacteria	Firmicutes	Bacilli	Lactobacillales	Streptococcaceae	Lactococcus
OTU_92	Bacteria	Firmicutes				
OTU_117	Bacteria	Firmicutes	Clostridia	Clostridiales	Lachnospiraceae	
OTU_68	Bacteria	Firmicutes	Clostridia	Clostridiales		
OTU_9	Bacteria	Firmicutes	Clostridia	Clostridiales	Lachnospiraceae	Clostridium XlVa
OTU_281	Bacteria	Firmicutes	Clostridia	Clostridiales	Ruminococcaceae	Clostridium IV
OTU_66	Bacteria	Firmicutes	Clostridia	Clostridiales		
OTU_10	Bacteria	Firmicutes	Clostridia	Clostridiales	Lachnospiraceae	Dorea
OTU_118	Bacteria	Bacteroidetes	Bacteroidia	Bacteroidales	Prevotellaceae	
OTU_224	Bacteria	Firmicutes	Clostridia	Clostridiales		
OTU_63	Bacteria	Firmicutes	Clostridia	Clostridiales	Peptostreptococcaceae	Clostridium XI
OTU_56	Bacteria	Bacteroidetes	Bacteroidia	Bacteroidales	Porphyromonadaceae	Parabacteroides
OTU_184	Bacteria	Firmicutes	Clostridia	Clostridiales	Lachnospiraceae	Lachnospiracea_incertae_sedis
OTU_49	Bacteria	Firmicutes	Clostridia	Clostridiales	Lachnospiraceae	Roseburia
OTU_189	Bacteria	Firmicutes	Clostridia	Clostridiales	Ruminococcaceae	
OTU_153	Bacteria	Actinobacteria	Actinobacteria	Coriobacteriales	Coriobacteriaceae	Gordonibacter
OTU_172	Bacteria	Bacteroidetes	Bacteroidia	Bacteroidales	Bacteroidaceae	Bacteroides
OTU_119	Bacteria	Bacteroidetes	Bacteroidia	Bacteroidales	Rikenellaceae	Alistipes
OTU_59	Bacteria	Bacteroidetes	Bacteroidia	Bacteroidales	Bacteroidaceae	Bacteroides
OTU_178	Bacteria	Firmicutes	Clostridia	Clostridiales	Lachnospiraceae	
OTU_255	Bacteria	Actinobacteria	Actinobacteria	Bifidobacteriales	Bifidobacteriaceae	
OTU_726	Bacteria	Firmicutes	Clostridia	Clostridiales	Lachnospiraceae	
OTU_199	Bacteria	Firmicutes	Clostridia	Clostridiales		
OTU_77	Bacteria	Firmicutes	Clostridia	Clostridiales	Ruminococcaceae	
OTU_188	Bacteria	Firmicutes	Clostridia	Clostridiales	Ruminococcaceae	
OTU_220	Bacteria	Firmicutes	Bacilli	Lactobacillales	Enterococcaceae	Enterococcus
OTU_75	Bacteria	Firmicutes	Clostridia	Clostridiales	Lachnospiraceae	Lachnospiracea_incertae_sedis
OTU_28	Bacteria	Bacteroidetes	Bacteroidia	Bacteroidales	Rikenellaceae	Alistipes
OTU_6	Bacteria	Bacteroidetes	Bacteroidia	Bacteroidales	Bacteroidaceae	Bacteroides
OTU_72	Bacteria	Firmicutes	Clostridia	Clostridiales	Lachnospiraceae	Lachnospiracea_incertae_sedis
OTU_563	Bacteria	Firmicutes	Clostridia	Clostridiales	Ruminococcaceae	Clostridium IV
OTU_2	Bacteria	Firmicutes	Clostridia	Clostridiales	Ruminococcaceae	Oscillibacter
OTU_418	Bacteria	Bacteroidetes	Bacteroidia	Bacteroidales		
OTU_154	Bacteria	Firmicutes	Clostridia	Clostridiales		
OTU_114	Bacteria	Firmicutes	Clostridia	Clostridiales	Ruminococcaceae	
OTU_80	Bacteria	Firmicutes	Clostridia	Clostridiales	Lachnospiraceae	
OTU_53	Bacteria	Firmicutes	Negativicutes	Selenomonadales	Veillonellaceae	Dialister
OTU_311	Bacteria	Bacteroidetes	Bacteroidia	Bacteroidales	Bacteroidaceae	Bacteroides
OTU_170	Bacteria	Firmicutes	Clostridia	Clostridiales	Ruminococcaceae	
OTU_222	Bacteria	Bacteroidetes	Bacteroidia	Bacteroidales	Prevotellaceae	Prevotella
OTU_232	Bacteria	Actinobacteria	Actinobacteria	Bifidobacteriales	Bifidobacteriaceae	Bifidobacterium
OTU_14	Bacteria	Firmicutes	Clostridia	Clostridiales	Lachnospiraceae	
OTU_249	Bacteria	Bacteroidetes	Bacteroidia	Bacteroidales	Bacteroidaceae	Bacteroides
OTU_162	Bacteria	Firmicutes	Clostridia	Clostridiales	Ruminococcaceae	
OTU_4	Bacteria	Firmicutes	Clostridia	Clostridiales	Ruminococcaceae	Faecalibacterium
OTU_271	Bacteria	Firmicutes	Clostridia	Clostridiales	Ruminococcaceae	Ruminococcus
OTU_113	Bacteria	Firmicutes	Clostridia	Clostridiales	Lachnospiraceae	Coprococcus
OTU_21	Bacteria	Firmicutes	Clostridia	Clostridiales	Lachnospiraceae	
OTU_211	Bacteria	Actinobacteria	Actinobacteria	Coriobacteriales	Coriobacteriaceae	
OTU_277	Bacteria	Bacteroidetes	Bacteroidia	Bacteroidales	Porphyromonadaceae	Barnesiella
OTU_128	Bacteria	Bacteroidetes	Bacteroidia	Bacteroidales	Bacteroidaceae	Bacteroides
OTU_51	Bacteria	Firmicutes	Clostridia	Clostridiales	Lachnospiraceae	
OTU_166	Bacteria	Firmicutes	Clostridia	Clostridiales		
OTU_307	Bacteria	Bacteroidetes	Bacteroidia	Bacteroidales	Bacteroidaceae	Bacteroides
OTU_13	Bacteria	Proteobacteria	Alphaproteobacteria	Rhizobiales	Hyphomicrobiaceae	Gemmiger
OTU_231	Bacteria	Firmicutes	Bacilli	Lactobacillales	Lactobacillaceae	Lactobacillus
OTU_388	Bacteria	Firmicutes	Clostridia	Clostridiales	Ruminococcaceae	
OTU_164	Bacteria	Actinobacteria	Actinobacteria	Coriobacteriales	Coriobacteriaceae	Collinsella
OTU_35	Bacteria	Firmicutes	Clostridia	Clostridiales		
OTU_328	Bacteria	Firmicutes				
OTU_242	Bacteria	Firmicutes	Negativicutes	Selenomonadales	Veillonellaceae	Dialister
OTU_140	Bacteria	Firmicutes	Clostridia	Clostridiales	Ruminococcaceae	
OTU_185	Bacteria	Firmicutes				
OTU_269	Bacteria	Firmicutes	Clostridia	Clostridiales	Ruminococcaceae	
OTU_58	Bacteria	Bacteroidetes	Bacteroidia	Bacteroidales	Bacteroidaceae	Bacteroides
OTU_181	Bacteria	Firmicutes	Clostridia	Clostridiales	Ruminococcaceae	Clostridium IV
OTU_212	Bacteria	Proteobacteria	Betaproteobacteria	Burkholderiales	Sutterellaceae	Sutterella
OTU_265	Bacteria	Firmicutes	Clostridia	Clostridiales	Lachnospiraceae	
OTU_39	Bacteria	Firmicutes	Clostridia	Clostridiales	Ruminococcaceae	Faecalibacterium
OTU_240	Bacteria	Firmicutes	Erysipelotrichia	Erysipelotrichales	Erysipelotrichaceae	Clostridium XVIII
OTU_308	Bacteria	Firmicutes	Clostridia	Clostridiales	Lachnospiraceae	
OTU_165	Bacteria	Bacteroidetes	Bacteroidia	Bacteroidales	Rikenellaceae	Alistipes
OTU_43	Bacteria	Bacteroidetes	Bacteroidia	Bacteroidales	Bacteroidaceae	Bacteroides
OTU_12	Bacteria	Firmicutes	Clostridia	Clostridiales	Lachnospiraceae	Blautia
OTU_3	Bacteria	Firmicutes	Clostridia	Clostridiales		
OTU_141	Bacteria	Firmicutes	Clostridia	Clostridiales	Ruminococcaceae	
OTU_90	Bacteria	Firmicutes	Erysipelotrichia	Erysipelotrichales	Erysipelotrichaceae	Turicibacter
OTU_89	Bacteria	Firmicutes	Clostridia	Clostridiales		
OTU_244	Bacteria	Bacteroidetes	Bacteroidia	Bacteroidales	Prevotellaceae	Paraprevotella
OTU_130	Bacteria	Firmicutes	Clostridia	Clostridiales	Lachnospiraceae	Clostridium XlVa
OTU_27	Bacteria	Firmicutes	Clostridia	Clostridiales	Ruminococcaceae	Flavonifractor
OTU_248	Bacteria	Firmicutes	Clostridia	Clostridiales	Lachnospiraceae	Roseburia
OTU_73	Bacteria	Firmicutes	Clostridia	Clostridiales	Ruminococcaceae	Clostridium IV
OTU_157	Bacteria	Firmicutes	Clostridia	Clostridiales	Ruminococcaceae	Oscillibacter
OTU_52	Bacteria	Bacteroidetes	Bacteroidia	Bacteroidales	Porphyromonadaceae	Odoribacter
OTU_352	Bacteria	Firmicutes	Clostridia	Clostridiales	Lachnospiraceae	
OTU_70	Bacteria	Firmicutes	Clostridia	Clostridiales	Lachnospiraceae	Coprococcus
OTU_186	Bacteria	Firmicutes	Clostridia	Clostridiales		
OTU_41	Bacteria	Firmicutes	Clostridia	Clostridiales	Lachnospiraceae	Roseburia
OTU_195	Bacteria	Firmicutes	Clostridia	Clostridiales	Lachnospiraceae	Lachnospiracea_incertae_sedis
OTU_126	Bacteria					
OTU_177	Bacteria	Firmicutes				
OTU_32	Bacteria	Firmicutes	Clostridia	Clostridiales	Ruminococcaceae	Ruminococcus
OTU_226	Bacteria	Actinobacteria	Actinobacteria	Coriobacteriales	Coriobacteriaceae	Olsenella
OTU_318	Bacteria	Firmicutes	Clostridia	Clostridiales		
OTU_50	Bacteria	Firmicutes	Clostridia	Clostridiales	Ruminococcaceae	
OTU_587	Bacteria	Firmicutes	Negativicutes	Selenomonadales	Veillonellaceae	Megamonas
OTU_474	Bacteria	Firmicutes	Clostridia	Clostridiales	Lachnospiraceae	Clostridium XlVb
OTU_7	Bacteria	Proteobacteria	Betaproteobacteria	Burkholderiales	Sutterellaceae	Parasutterella
OTU_20	Bacteria	Firmicutes	Clostridia	Clostridiales	Lachnospiraceae	Coprococcus
OTU_83	Bacteria	Firmicutes	Clostridia	Clostridiales	Ruminococcaceae	Clostridium IV
OTU_747	Bacteria	Bacteroidetes	Bacteroidia	Bacteroidales	Bacteroidaceae	Bacteroides
OTU_176	Bacteria	Bacteroidetes	Bacteroidia	Bacteroidales	Prevotellaceae	
OTU_54	Bacteria	Firmicutes	Clostridia	Clostridiales	Ruminococcaceae	Clostridium IV
OTU_112	Bacteria	Firmicutes	Clostridia	Clostridiales	Lachnospiraceae	Clostridium XlVb
OTU_245	Bacteria	Actinobacteria	Actinobacteria	Coriobacteriales	Coriobacteriaceae	
OTU_16	Bacteria	Bacteroidetes	Bacteroidia	Bacteroidales	Bacteroidaceae	Bacteroides
OTU_173	Bacteria	Firmicutes	Bacilli	Lactobacillales	Streptococcaceae	Streptococcus
OTU_228	Bacteria	Bacteroidetes	Bacteroidia	Bacteroidales	Prevotellaceae	Prevotella
OTU_91	Bacteria	Proteobacteria	Gammaproteobacteria	Enterobacteriales	Enterobacteriaceae	Escherichia/Shigella
OTU_115	Bacteria	Firmicutes	Clostridia	Clostridiales	Peptostreptococcaceae	Clostridium XI
OTU_375	Bacteria	Firmicutes	Negativicutes	Selenomonadales	Veillonellaceae	Dialister
OTU_214	Bacteria	Firmicutes	Negativicutes	Selenomonadales	Acidaminococcaceae	Phascolarctobacterium
OTU_202	Bacteria	Firmicutes	Clostridia	Clostridiales	Ruminococcaceae	
OTU_18	Bacteria	Firmicutes	Clostridia	Clostridiales	Ruminococcaceae	Oscillibacter
OTU_543	Bacteria	Bacteroidetes	Bacteroidia	Bacteroidales	Prevotellaceae	Paraprevotella
OTU_47	Bacteria	Firmicutes	Clostridia	Clostridiales	Ruminococcaceae	Butyricicoccus
OTU_417	Bacteria	Bacteroidetes	Bacteroidia	Bacteroidales	Prevotellaceae	
OTU_501	Bacteria	Bacteroidetes	Bacteroidia	Bacteroidales	Bacteroidaceae	Bacteroides
OTU_326	Bacteria	Firmicutes	Clostridia	Clostridiales	Ruminococcaceae	
OTU_221	Bacteria	Firmicutes	Bacilli	Lactobacillales	Carnobacteriaceae	Granulicatella
OTU_215	Bacteria	Firmicutes	Clostridia	Clostridiales	Ruminococcaceae	
OTU_99	Bacteria	Firmicutes	Clostridia	Clostridiales	Ruminococcaceae	Flavonifractor
OTU_315	Bacteria	Bacteroidetes	Bacteroidia	Bacteroidales	Bacteroidaceae	Bacteroides
OTU_300	Bacteria	Firmicutes	Clostridia	Clostridiales	Ruminococcaceae	Ruminococcus
OTU_338	Bacteria	Firmicutes				
OTU_390	Bacteria	Firmicutes	Negativicutes	Selenomonadales	Veillonellaceae	Megamonas
OTU_512	Bacteria	Proteobacteria	Deltaproteobacteria	Desulfovibrionales	Desulfovibrionaceae	
OTU_317	Bacteria	Bacteroidetes	Bacteroidia	Bacteroidales	Prevotellaceae	Prevotella
OTU_382	Bacteria	Proteobacteria	Deltaproteobacteria	Desulfovibrionales	Desulfovibrionaceae	Bilophila
OTU_392	Bacteria	Firmicutes	Clostridia	Clostridiales	Lachnospiraceae	Lachnospiracea_incertae_sedis
OTU_373	Bacteria	Firmicutes	Clostridia	Clostridiales	Lachnospiraceae	Roseburia
OTU_293	Bacteria	Bacteroidetes	Bacteroidia	Bacteroidales	Porphyromonadaceae	Parabacteroides
OTU_371	Bacteria	Firmicutes	Clostridia	Clostridiales	Lachnospiraceae	
OTU_23	Bacteria	Firmicutes	Negativicutes	Selenomonadales	Acidaminococcaceae	Acidaminococcus
OTU_5	Bacteria	Firmicutes	Clostridia	Clostridiales	Lachnospiraceae	
OTU_780	Bacteria	Firmicutes	Clostridia	Clostridiales	Clostridiaceae 1	Clostridium sensu stricto
OTU_572	Bacteria	Firmicutes	Clostridia	Clostridiales	Ruminococcaceae	
OTU_105	Bacteria	Firmicutes	Clostridia	Clostridiales		
OTU_296	Bacteria	Firmicutes	Erysipelotrichia	Erysipelotrichales	Erysipelotrichaceae	Erysipelotrichaceae_incertae_sedis
OTU_349	Bacteria	Firmicutes	Clostridia	Clostridiales		
OTU_182	Bacteria	Bacteroidetes	Bacteroidia	Bacteroidales	Rikenellaceae	Alistipes
OTU_31	Bacteria	Firmicutes	Clostridia	Clostridiales	Lachnospiraceae	Blautia
OTU_657	Bacteria	Actinobacteria	Actinobacteria	Coriobacteriales	Coriobacteriaceae	Collinsella
OTU_24	Bacteria	Firmicutes	Clostridia	Clostridiales	Lachnospiraceae	
OTU_243	Bacteria	Firmicutes				
OTU_396	Bacteria	Bacteroidetes	Bacteroidia	Bacteroidales	Bacteroidaceae	Bacteroides
OTU_37	Bacteria	Firmicutes	Clostridia	Clostridiales	Ruminococcaceae	
OTU_191	Bacteria	Firmicutes	Clostridia	Clostridiales	Ruminococcaceae	Ruminococcus
OTU_495	Bacteria	Proteobacteria	Alphaproteobacteria			
OTU_125	Bacteria	Firmicutes	Clostridia	Clostridiales	Ruminococcaceae	Clostridium IV
OTU_323	Bacteria	Firmicutes	Clostridia	Clostridiales		
OTU_367	Bacteria	Firmicutes	Clostridia	Clostridiales	Lachnospiraceae	Dorea
OTU_325	Bacteria	Firmicutes	Clostridia	Clostridiales	Lachnospiraceae	
OTU_183	Bacteria	Actinobacteria	Actinobacteria	Coriobacteriales	Coriobacteriaceae	Olsenella
OTU_550	Bacteria	Firmicutes	Clostridia	Clostridiales	Ruminococcaceae	
OTU_743	Bacteria	Firmicutes	Clostridia	Clostridiales	Lachnospiraceae	
OTU_309	Bacteria	Firmicutes	Clostridia	Clostridiales	Lachnospiraceae	
OTU_256	Bacteria	Bacteroidetes	Bacteroidia	Bacteroidales	Rikenellaceae	Alistipes
OTU_15	Bacteria	Firmicutes	Clostridia	Clostridiales	Ruminococcaceae	
OTU_364	Bacteria	Proteobacteria	Betaproteobacteria	Burkholderiales	Sutterellaceae	Sutterella
OTU_714	Bacteria	Bacteroidetes	Bacteroidia	Bacteroidales	Porphyromonadaceae	
OTU_476	Bacteria	Bacteroidetes	Bacteroidia	Bacteroidales	Prevotellaceae	Prevotella
OTU_148	Bacteria	Firmicutes	Clostridia	Clostridiales	Ruminococcaceae	
OTU_744	Bacteria	Bacteroidetes	Bacteroidia	Bacteroidales	Bacteroidaceae	Bacteroides
OTU_280	Bacteria	Actinobacteria	Actinobacteria	Coriobacteriales	Coriobacteriaceae	Eggerthella
OTU_345	Bacteria	Firmicutes	Clostridia	Clostridiales		
OTU_133	Bacteria	Firmicutes	Clostridia	Clostridiales	Lachnospiraceae	Blautia
OTU_433	Bacteria	Actinobacteria	Actinobacteria	Bifidobacteriales	Bifidobacteriaceae	Bifidobacterium
OTU_81	Bacteria	Firmicutes	Clostridia	Clostridiales	Ruminococcaceae	
OTU_536	Bacteria	Bacteroidetes	Bacteroidia	Bacteroidales	Bacteroidaceae	Bacteroides
OTU_180	Bacteria	Firmicutes	Clostridia	Clostridiales	Lachnospiraceae	
OTU_116	Bacteria	Firmicutes	Clostridia	Clostridiales	Ruminococcaceae	Clostridium IV
OTU_457	Bacteria					
OTU_145	Bacteria	Firmicutes	Clostridia	Clostridiales	Lachnospiraceae	
OTU_379	Bacteria	Firmicutes	Clostridia	Clostridiales		
OTU_213	Bacteria	Firmicutes	Bacilli	Lactobacillales	Enterococcaceae	Enterococcus
OTU_346	Bacteria					
OTU_377	Bacteria	Bacteroidetes	Bacteroidia	Bacteroidales		
OTU_78	Bacteria	Firmicutes	Clostridia	Clostridiales		
OTU_152	Bacteria	Proteobacteria	Deltaproteobacteria	Desulfovibrionales	Desulfovibrionaceae	Desulfovibrio
OTU_85	Bacteria	Firmicutes	Clostridia	Clostridiales	Ruminococcaceae	
OTU_198	Bacteria	Firmicutes	Clostridia	Clostridiales		
OTU_218	Bacteria	Firmicutes	Clostridia	Clostridiales	Ruminococcaceae	Acetanaerobacterium
OTU_273	Bacteria	Firmicutes	Clostridia	Clostridiales		
OTU_238	Bacteria	Firmicutes	Bacilli	Bacillales	Bacillales_Incertae Sedis XI	Gemella
OTU_282	Bacteria	Firmicutes				
OTU_171	Bacteria	Firmicutes	Clostridia	Clostridiales		
OTU_270	Bacteria	Bacteroidetes	Bacteroidia	Bacteroidales	Prevotellaceae	
OTU_435	Bacteria	Firmicutes	Clostridia	Clostridiales	Ruminococcaceae	
OTU_525	Bacteria	Firmicutes	Clostridia	Clostridiales	Ruminococcaceae	
OTU_11	Bacteria	Firmicutes	Clostridia	Clostridiales	Ruminococcaceae	Clostridium IV
OTU_754	Bacteria	Firmicutes	Clostridia	Clostridiales	Lachnospiraceae	Anaerostipes
OTU_36	Bacteria	Firmicutes	Clostridia	Clostridiales	Ruminococcaceae	
OTU_298	Bacteria	Firmicutes	Clostridia	Clostridiales	Lachnospiraceae	
OTU_93	Bacteria	Firmicutes	Clostridia	Clostridiales	Ruminococcaceae	Flavonifractor
OTU_394	Bacteria	Firmicutes	Clostridia	Clostridiales	Ruminococcaceae	
OTU_827	Bacteria	Firmicutes	Clostridia	Clostridiales	Lachnospiraceae	
OTU_444	Bacteria	Firmicutes	Clostridia	Clostridiales	Lachnospiraceae	Howardella
OTU_257	Bacteria	Actinobacteria	Actinobacteria	Actinomycetales	Actinomycetaceae	Actinomyces
OTU_156	Bacteria	Firmicutes	Clostridia	Clostridiales	Ruminococcaceae	
OTU_278	Bacteria	Firmicutes	Clostridia	Clostridiales	Ruminococcaceae	
OTU_274	Bacteria	Firmicutes	Clostridia	Clostridiales		
OTU_94	Bacteria	Firmicutes	Clostridia	Clostridiales	Ruminococcaceae	
OTU_216	Bacteria	Firmicutes	Clostridia	Clostridiales	Lachnospiraceae	Clostridium XlVb
OTU_322	Bacteria	Firmicutes	Clostridia	Clostridiales	Ruminococcaceae	
OTU_664	Bacteria	Proteobacteria	Alphaproteobacteria			
OTU_144	Bacteria	Bacteroidetes	Bacteroidia	Bacteroidales	Porphyromonadaceae	Butyricimonas
OTU_0	Bacteria	Firmicutes	Clostridia	Clostridiales	Lachnospiraceae	
OTU_95	Bacteria	Firmicutes	Clostridia	Clostridiales		
OTU_356	Bacteria	Firmicutes				
OTU_22	Bacteria	Firmicutes	Clostridia	Clostridiales	Lachnospiraceae	
OTU_161	Bacteria	Firmicutes	Clostridia	Clostridiales	Ruminococcaceae	
OTU_69	Bacteria	Firmicutes	Clostridia	Clostridiales	Ruminococcaceae	
OTU_765	Bacteria	Proteobacteria	Gammaproteobacteria	Enterobacteriales	Enterobacteriaceae	
OTU_641	Bacteria	Bacteroidetes	Bacteroidia	Bacteroidales	Rikenellaceae	Alistipes
OTU_384	Bacteria	Firmicutes	Clostridia	Clostridiales	Ruminococcaceae	Clostridium IV
OTU_437	Bacteria	Firmicutes	Clostridia	Clostridiales		
OTU_301	Bacteria	Bacteroidetes	Bacteroidia	Bacteroidales	Bacteroidaceae	Bacteroides
OTU_210	Bacteria	Firmicutes				
OTU_324	Bacteria	Firmicutes	Negativicutes	Selenomonadales	Veillonellaceae	Mitsuokella
OTU_522	Bacteria	Actinobacteria	Actinobacteria	Coriobacteriales	Coriobacteriaceae	
OTU_45	Bacteria	Firmicutes	Bacilli	Lactobacillales	Streptococcaceae	Streptococcus
OTU_505	Bacteria					
OTU_60	Bacteria	Firmicutes	Clostridia	Clostridiales	Ruminococcaceae	
OTU_520	Bacteria	Firmicutes	Clostridia	Clostridiales	Lachnospiraceae	
OTU_276	Bacteria	Firmicutes	Clostridia	Clostridiales	Ruminococcaceae	
OTU_196	Bacteria	Firmicutes	Clostridia	Clostridiales	Lachnospiraceae	
OTU_420	Bacteria	Firmicutes	Negativicutes	Selenomonadales	Acidaminococcaceae	Acidaminococcus
OTU_159	Bacteria	Firmicutes	Clostridia	Clostridiales		
OTU_511	Bacteria	Firmicutes	Negativicutes	Selenomonadales	Acidaminococcaceae	Succiniclasticum
OTU_387	Bacteria					
OTU_756	Bacteria	Proteobacteria	Deltaproteobacteria	Desulfovibrionales		
OTU_266	Bacteria	Firmicutes	Clostridia	Clostridiales	Lachnospiraceae	Dorea
OTU_26	Bacteria	Firmicutes	Clostridia	Clostridiales		
OTU_519	Bacteria	Firmicutes	Bacilli	Lactobacillales	Lactobacillaceae	Lactobacillus
OTU_365	Bacteria	Firmicutes	Clostridia	Clostridiales	Clostridiaceae 1	Clostridium sensu stricto
OTU_111	Bacteria	Firmicutes	Clostridia	Clostridiales	Lachnospiraceae	
OTU_40	Bacteria	Firmicutes	Clostridia	Clostridiales		
OTU_291	Bacteria	Actinobacteria	Actinobacteria	Coriobacteriales	Coriobacteriaceae	Slackia
OTU_383	Bacteria	Actinobacteria	Actinobacteria	Coriobacteriales	Coriobacteriaceae	Gordonibacter
OTU_504	Bacteria	Firmicutes	Clostridia	Clostridiales		
OTU_124	Bacteria	Firmicutes	Erysipelotrichia	Erysipelotrichales	Erysipelotrichaceae	Clostridium XVIII
OTU_613	Bacteria	Firmicutes	Clostridia	Clostridiales	Lachnospiraceae	Clostridium XlVa
OTU_223	Bacteria	Firmicutes	Clostridia	Clostridiales	Ruminococcaceae	
OTU_312	Bacteria	Bacteroidetes	Bacteroidia	Bacteroidales		
OTU_207	Bacteria	Firmicutes	Bacilli	Lactobacillales	Streptococcaceae	Streptococcus
OTU_526	Bacteria	Firmicutes	Negativicutes	Selenomonadales	Acidaminococcaceae	Phascolarctobacterium
OTU_820	Bacteria	Bacteroidetes	Bacteroidia	Bacteroidales	Bacteroidaceae	Bacteroides
OTU_294	Bacteria	Actinobacteria	Actinobacteria	Coriobacteriales	Coriobacteriaceae	
OTU_430	Bacteria	Firmicutes	Clostridia	Clostridiales	Lachnospiraceae	Anaerostipes
OTU_163	Bacteria	Actinobacteria	Actinobacteria			
OTU_554	Bacteria					
OTU_275	Bacteria	Firmicutes	Clostridia	Clostridiales	Lachnospiraceae	Blautia
OTU_316	Bacteria	Firmicutes	Bacilli	Lactobacillales	Lactobacillaceae	Lactobacillus
OTU_120	Bacteria	Actinobacteria	Actinobacteria	Bifidobacteriales	Bifidobacteriaceae	Bifidobacterium
OTU_538	Bacteria	Actinobacteria	Actinobacteria	Coriobacteriales	Coriobacteriaceae	
OTU_436	Bacteria	Proteobacteria	Deltaproteobacteria	Desulfovibrionales	Desulfovibrionaceae	
OTU_845	Bacteria	Firmicutes	Erysipelotrichia	Erysipelotrichales	Erysipelotrichaceae	Erysipelotrichaceae_incertae_sedis
OTU_283	Bacteria	Firmicutes	Clostridia	Clostridiales	Ruminococcaceae	
OTU_302	Bacteria	Bacteroidetes	Bacteroidia	Bacteroidales	Bacteroidaceae	Bacteroides
OTU_254	Bacteria	Firmicutes	Clostridia	Clostridiales	Ruminococcaceae	
OTU_456	Bacteria	Firmicutes	Clostridia	Clostridiales	Lachnospiraceae	
OTU_258	Bacteria	Firmicutes	Clostridia	Clostridiales	Ruminococcaceae	
OTU_253	Bacteria	Firmicutes	Clostridia	Clostridiales	Lachnospiraceae	
OTU_500	Bacteria					
OTU_459	Bacteria	Firmicutes	Clostridia	Clostridiales	Ruminococcaceae	
OTU_319	Bacteria	Firmicutes	Clostridia	Clostridiales	Ruminococcaceae	Oscillibacter
OTU_155	Bacteria	Firmicutes	Clostridia	Clostridiales	Lachnospiraceae	
OTU_549	Bacteria					
OTU_755	Bacteria	Firmicutes	Clostridia	Clostridiales	Eubacteriaceae	Eubacterium
OTU_481	Bacteria	Firmicutes	Clostridia	Clostridiales	Eubacteriaceae	Anaerofustis
OTU_175	Bacteria	Firmicutes	Clostridia	Clostridiales	Ruminococcaceae	Clostridium IV
OTU_620	Bacteria	Firmicutes	Clostridia	Clostridiales	Ruminococcaceae	Clostridium IV
OTU_629	Bacteria	Bacteroidetes	Bacteroidia	Bacteroidales	Porphyromonadaceae	Butyricimonas
OTU_334	Bacteria	Bacteroidetes	Bacteroidia	Bacteroidales	Bacteroidaceae	Bacteroides
OTU_132	Bacteria	Firmicutes	Clostridia	Clostridiales		
OTU_332	Bacteria	Firmicutes	Clostridia	Clostridiales	Ruminococcaceae	
OTU_361	Bacteria	Firmicutes	Bacilli	Lactobacillales	Lactobacillaceae	Lactobacillus
OTU_750	Bacteria	Proteobacteria	Gammaproteobacteria	Enterobacteriales	Enterobacteriaceae	Klebsiella
OTU_347	Bacteria	Firmicutes	Negativicutes	Selenomonadales	Veillonellaceae	Mitsuokella
OTU_123	Bacteria	Firmicutes	Clostridia	Clostridiales	Ruminococcaceae	Ruminococcus
OTU_129	Bacteria	Firmicutes	Clostridia	Clostridiales		
OTU_208	Bacteria	Firmicutes	Clostridia	Clostridiales	Ruminococcaceae	
OTU_805	Bacteria	Firmicutes	Clostridia	Clostridiales		
OTU_201	Bacteria	Firmicutes	Clostridia	Clostridiales		
OTU_499	Bacteria	Firmicutes	Clostridia	Clostridiales	Ruminococcaceae	Anaerotruncus
OTU_494	Bacteria	Firmicutes	Clostridia	Clostridiales	Lachnospiraceae	Clostridium XlVb
OTU_423	Bacteria	Actinobacteria	Actinobacteria	Coriobacteriales	Coriobacteriaceae	
OTU_98	Bacteria	Firmicutes	Clostridia	Clostridiales	Lachnospiraceae	Lactonifactor
OTU_416	Bacteria	Firmicutes	Clostridia	Clostridiales	Lachnospiraceae	Lachnospiracea_incertae_sedis
OTU_749	Bacteria	Bacteroidetes	Bacteroidia	Bacteroidales	Bacteroidaceae	Bacteroides
OTU_542	Bacteria	Firmicutes	Clostridia	Clostridiales	Ruminococcaceae	
OTU_493	Bacteria	Firmicutes	Clostridia	Clostridiales		
OTU_434	Bacteria	Proteobacteria	Alphaproteobacteria	Sphingomonadales	Sphingomonadaceae	Sphingomonas
OTU_448	Bacteria					
OTU_236	Bacteria	Bacteroidetes	Bacteroidia	Bacteroidales	Porphyromonadaceae	Parabacteroides
OTU_594	Bacteria	Firmicutes	Clostridia	Clostridiales		
OTU_497	Bacteria	Firmicutes	Clostridia	Clostridiales	Eubacteriaceae	Eubacterium
OTU_545	Bacteria	Firmicutes	Clostridia	Clostridiales	Ruminococcaceae	
OTU_547	Bacteria	Firmicutes	Clostridia	Clostridiales		
OTU_558	Bacteria	Firmicutes	Clostridia	Clostridiales	Ruminococcaceae	
OTU_553	Bacteria	Firmicutes	Clostridia	Clostridiales		
OTU_263	Bacteria	Firmicutes	Clostridia	Clostridiales	Lachnospiraceae	
OTU_537	Bacteria					
OTU_8	Bacteria	Proteobacteria	Gammaproteobacteria	Pasteurellales	Pasteurellaceae	Haemophilus
OTU_203	Bacteria	Firmicutes	Clostridia	Clostridiales	Ruminococcaceae	
OTU_443	Bacteria	Bacteroidetes	Bacteroidia	Bacteroidales	Prevotellaceae	Prevotella
OTU_407	Bacteria	Firmicutes	Clostridia	Clostridiales	Ruminococcaceae	
OTU_622	Bacteria	Firmicutes	Clostridia	Clostridiales	Ruminococcaceae	
OTU_79	Bacteria	Firmicutes	Clostridia	Clostridiales	Lachnospiraceae	
OTU_440	Bacteria	Firmicutes	Clostridia	Clostridiales	Lachnospiraceae	Clostridium XlVb
OTU_745	Bacteria	Bacteroidetes	Bacteroidia	Bacteroidales	Bacteroidaceae	Bacteroides
OTU_514	Bacteria	Firmicutes				
OTU_644	Bacteria	Firmicutes	Clostridia	Clostridiales		
OTU_559	Bacteria	Firmicutes	Clostridia	Clostridiales		
OTU_393	Bacteria	Firmicutes	Clostridia	Clostridiales	Ruminococcaceae	Sporobacter
OTU_551	Bacteria	Firmicutes	Clostridia	Clostridiales	Ruminococcaceae	
OTU_209	Bacteria	Firmicutes	Clostridia	Clostridiales	Ruminococcaceae	
OTU_575	Bacteria	Firmicutes	Clostridia	Clostridiales	Lachnospiraceae	
OTU_292	Bacteria	Firmicutes	Clostridia	Clostridiales		
OTU_400	Bacteria	Firmicutes	Clostridia	Clostridiales	Ruminococcaceae	
OTU_150	Bacteria					
OTU_502	Bacteria	Firmicutes	Clostridia	Clostridiales		
OTU_431	Bacteria	Firmicutes	Clostridia	Clostridiales	Lachnospiraceae	Coprococcus
OTU_733	Bacteria					
OTU_556	Bacteria					
OTU_385	Bacteria	Firmicutes	Clostridia	Clostridiales		
OTU_252	Bacteria	Bacteroidetes	Bacteroidia	Bacteroidales	Bacteroidaceae	Bacteroides
OTU_234	Bacteria	Firmicutes	Clostridia	Clostridiales	Ruminococcaceae	
OTU_297	Bacteria	Firmicutes	Clostridia	Clostridiales	Ruminococcaceae	
OTU_779	Bacteria	Firmicutes				
OTU_205	Bacteria	Firmicutes	Clostridia	Clostridiales		
OTU_168	Bacteria	Firmicutes	Clostridia	Clostridiales	Ruminococcaceae	Faecalibacterium
OTU_102	Bacteria	Firmicutes	Clostridia	Clostridiales	Ruminococcaceae	
OTU_360	Bacteria	Firmicutes				
OTU_341	Bacteria	Bacteroidetes	Bacteroidia	Bacteroidales	Porphyromonadaceae	Porphyromonas
OTU_290	Bacteria	Firmicutes	Clostridia	Clostridiales	Clostridiales_Incertae Sedis XIII	Mogibacterium
OTU_419	Bacteria	Firmicutes	Clostridia	Clostridiales	Lachnospiraceae	
OTU_409	Bacteria	Firmicutes	Clostridia	Clostridiales	Lachnospiraceae	
OTU_738	Bacteria	Firmicutes	Clostridia	Clostridiales	Ruminococcaceae	
OTU_829	Bacteria	Firmicutes	Bacilli	Lactobacillales	Lactobacillaceae	Lactobacillus
OTU_612	Bacteria	Bacteroidetes	Bacteroidia	Bacteroidales	Porphyromonadaceae	Butyricimonas
OTU_590	Bacteria	Firmicutes	Clostridia	Clostridiales	Ruminococcaceae	
OTU_797	Bacteria	Firmicutes	Clostridia	Clostridiales	Ruminococcaceae	
OTU_475	Bacteria	Firmicutes	Clostridia	Clostridiales	Ruminococcaceae	
OTU_158	Bacteria	Firmicutes	Clostridia	Clostridiales	Ruminococcaceae	
OTU_310	Bacteria	Firmicutes	Clostridia	Clostridiales		
OTU_584	Bacteria	Firmicutes	Clostridia	Clostridiales	Ruminococcaceae	
OTU_227	Bacteria	Actinobacteria	Actinobacteria	Coriobacteriales	Coriobacteriaceae	
OTU_268	Bacteria	Firmicutes	Clostridia	Clostridiales	Lachnospiraceae	
OTU_490	Bacteria	Firmicutes	Clostridia	Clostridiales		
OTU_358	Bacteria	Firmicutes	Clostridia	Clostridiales	Ruminococcaceae	
OTU_320	Bacteria	Firmicutes	Clostridia	Clostridiales		
OTU_359	Bacteria	Firmicutes	Clostridia	Clostridiales	Peptococcaceae 1	Peptococcus
OTU_262	Bacteria	Firmicutes	Clostridia	Clostridiales		
OTU_782	Bacteria					
OTU_680	Bacteria	Bacteroidetes	Bacteroidia	Bacteroidales	Rikenellaceae	Alistipes
OTU_724	Bacteria	Firmicutes	Clostridia	Clostridiales		
OTU_439	Bacteria	Firmicutes	Clostridia	Clostridiales	Ruminococcaceae	Clostridium IV
OTU_616	Bacteria	Actinobacteria	Actinobacteria	Coriobacteriales	Coriobacteriaceae	Olsenella
OTU_480	Bacteria	Bacteroidetes	Bacteroidia	Bacteroidales	Bacteroidaceae	Bacteroides
OTU_548	Bacteria	Bacteroidetes	Bacteroidia	Bacteroidales	Porphyromonadaceae	Parabacteroides
OTU_405	Bacteria	Firmicutes	Clostridia	Clostridiales	Lachnospiraceae	Dorea
OTU_408	Bacteria	Actinobacteria	Actinobacteria	Coriobacteriales	Coriobacteriaceae	Enterorhabdus
OTU_174	Bacteria	Firmicutes	Bacilli	Bacillales	Bacillales_Incertae Sedis XI	Gemella
OTU_677	Bacteria	Firmicutes	Clostridia	Clostridiales		
OTU_510	Bacteria	Actinobacteria	Actinobacteria	Coriobacteriales	Coriobacteriaceae	
OTU_503	Bacteria	Firmicutes	Clostridia	Clostridiales	Ruminococcaceae	Faecalibacterium
OTU_712	Bacteria	Actinobacteria	Actinobacteria	Coriobacteriales	Coriobacteriaceae	
OTU_560	Bacteria	Firmicutes	Clostridia	Clostridiales		
OTU_147	Bacteria	Firmicutes	Clostridia	Clostridiales	Ruminococcaceae	Anaerofilum
OTU_642	Bacteria	Firmicutes	Clostridia	Clostridiales	Ruminococcaceae	Flavonifractor
OTU_635	Bacteria	Bacteroidetes	Bacteroidia	Bacteroidales	Bacteroidaceae	Bacteroides
OTU_406	Bacteria	Firmicutes	Clostridia	Clostridiales	Lachnospiraceae	Roseburia
OTU_850	Bacteria	Fusobacteria	Fusobacteria	Fusobacteriales	Fusobacteriaceae	Fusobacterium
OTU_691	Bacteria	Firmicutes	Clostridia	Clostridiales	Ruminococcaceae	
OTU_848	Bacteria	Bacteroidetes	Bacteroidia	Bacteroidales	Prevotellaceae	Prevotella
OTU_760	Bacteria	Firmicutes	Clostridia	Clostridiales	Lachnospiraceae	
OTU_295	Bacteria	Bacteroidetes	Bacteroidia	Bacteroidales	Prevotellaceae	
OTU_840	Bacteria	Proteobacteria	Deltaproteobacteria	Desulfovibrionales	Desulfovibrionaceae	Desulfovibrio
OTU_530	Bacteria	Firmicutes	Clostridia	Clostridiales	Ruminococcaceae	
OTU_404	Bacteria	Firmicutes	Clostridia	Clostridiales		
OTU_412	Bacteria	Bacteroidetes	Bacteroidia	Bacteroidales	Bacteroidaceae	Bacteroides
OTU_357	Bacteria	Bacteroidetes	Bacteroidia	Bacteroidales	Prevotellaceae	
OTU_369	Bacteria	Firmicutes	Clostridia	Clostridiales		
OTU_74	Bacteria	Firmicutes	Clostridia	Clostridiales		
OTU_97	Bacteria	Bacteroidetes	Bacteroidia	Bacteroidales	Porphyromonadaceae	Parabacteroides
OTU_299	Bacteria	Firmicutes	Clostridia	Clostridiales	Eubacteriaceae	
OTU_463	Bacteria	Firmicutes	Clostridia	Clostridiales		
OTU_331	Bacteria					
OTU_272	Bacteria	Firmicutes	Clostridia	Clostridiales	Ruminococcaceae	
OTU_659	Bacteria	Firmicutes	Clostridia	Clostridiales	Lachnospiraceae	
OTU_427	Bacteria	Firmicutes	Negativicutes	Selenomonadales	Acidaminococcaceae	Succiniclasticum
OTU_764	Bacteria	Bacteroidetes	Bacteroidia	Bacteroidales	Porphyromonadaceae	Barnesiella
OTU_442	Bacteria	Firmicutes	Clostridia	Clostridiales	Lachnospiraceae	Lachnospiracea_incertae_sedis
OTU_398	Bacteria	Firmicutes	Clostridia	Clostridiales		
OTU_580	Bacteria	Firmicutes	Clostridia	Clostridiales		
OTU_516	Bacteria	Firmicutes	Clostridia	Clostridiales	Ruminococcaceae	Clostridium IV
OTU_351	Bacteria	Actinobacteria	Actinobacteria	Coriobacteriales	Coriobacteriaceae	Slackia
OTU_106	Bacteria	Firmicutes	Clostridia	Clostridiales		
OTU_87	Bacteria	Firmicutes	Clostridia	Clostridiales	Ruminococcaceae	Faecalibacterium
OTU_524	Bacteria	Firmicutes	Clostridia	Clostridiales	Ruminococcaceae	
OTU_844	Bacteria					
OTU_608	Bacteria	Firmicutes	Clostridia	Clostridiales	Lachnospiraceae	
OTU_374	Bacteria	Firmicutes	Clostridia	Clostridiales		
OTU_781	Bacteria	Firmicutes	Clostridia	Clostridiales		
OTU_391	Bacteria	Firmicutes	Clostridia	Clostridiales	Peptostreptococcaceae	Peptostreptococcus
OTU_348	Bacteria	Proteobacteria	Alphaproteobacteria	Rhizobiales	Hyphomicrobiaceae	Gemmiger
OTU_225	Bacteria	Bacteroidetes	Bacteroidia	Bacteroidales	Rikenellaceae	Alistipes
OTU_600	Bacteria	Bacteroidetes	Bacteroidia	Bacteroidales	Porphyromonadaceae	
OTU_667	Bacteria	Firmicutes	Erysipelotrichia	Erysipelotrichales	Erysipelotrichaceae	Turicibacter
OTU_389	Bacteria	Firmicutes				
OTU_230	Bacteria	Firmicutes	Clostridia	Clostridiales		
OTU_100	Bacteria	Actinobacteria	Actinobacteria	Actinomycetales	Actinomycetaceae	Actinomyces
OTU_591	Bacteria	Firmicutes	Clostridia	Clostridiales	Ruminococcaceae	Faecalibacterium
OTU_259	Bacteria	Firmicutes	Clostridia	Clostridiales	Lachnospiraceae	Dorea
OTU_489	Bacteria	Firmicutes	Clostridia	Clostridiales		
OTU_809	Bacteria	Firmicutes	Clostridia	Clostridiales	Lachnospiraceae	
OTU_770	Bacteria	Firmicutes	Clostridia	Clostridiales		
OTU_833	Bacteria	Firmicutes	Clostridia	Clostridiales	Lachnospiraceae	Blautia
OTU_235	Bacteria	Firmicutes	Clostridia	Clostridiales	Lachnospiraceae	Dorea
OTU_690	Bacteria	Bacteroidetes	Bacteroidia	Bacteroidales	Porphyromonadaceae	Butyricimonas
OTU_692	Bacteria	Firmicutes	Clostridia	Clostridiales	Lachnospiraceae	
OTU_647	Bacteria					
OTU_460	Bacteria	Firmicutes	Clostridia	Clostridiales	Lachnospiraceae	
OTU_121	Bacteria	Firmicutes	Clostridia	Clostridiales		
OTU_740	Bacteria	Firmicutes	Clostridia	Clostridiales		
OTU_648	Bacteria	Firmicutes	Clostridia	Clostridiales	Ruminococcaceae	Clostridium IV
OTU_658	Bacteria	Firmicutes	Clostridia	Clostridiales	Lachnospiraceae	
OTU_654	Bacteria	Firmicutes	Clostridia	Clostridiales	Ruminococcaceae	Faecalibacterium
OTU_458	Bacteria	Firmicutes	Clostridia	Clostridiales	Lachnospiraceae	Lachnospiracea_incertae_sedis
OTU_603	Bacteria	Firmicutes	Clostridia	Clostridiales	Lachnospiraceae	Coprococcus
OTU_675	Bacteria	Firmicutes	Clostridia	Clostridiales		
OTU_837	Bacteria	Firmicutes	Clostridia	Clostridiales		
OTU_734	Bacteria	Firmicutes	Clostridia	Clostridiales	Ruminococcaceae	
OTU_684	Bacteria	Firmicutes	Clostridia	Clostridiales		
OTU_803	Bacteria	Firmicutes	Clostridia	Clostridiales	Lachnospiraceae	Lachnospiracea_incertae_sedis
OTU_539	Bacteria	Firmicutes	Clostridia	Clostridiales	Lachnospiraceae	Blautia
OTU_649	Bacteria	Bacteroidetes				
OTU_753	Bacteria	Firmicutes	Clostridia	Clostridiales	Ruminococcaceae	
OTU_699	Bacteria	Firmicutes	Clostridia	Clostridiales	Ruminococcaceae	
OTU_700	Bacteria	Firmicutes	Clostridia	Clostridiales	Lachnospiraceae	
OTU_138	Bacteria	Firmicutes	Clostridia	Clostridiales	Lachnospiraceae	Coprococcus
OTU_772	Bacteria	Firmicutes				
OTU_55	Bacteria	Firmicutes	Clostridia	Clostridiales		
OTU_637	Bacteria	Firmicutes	Clostridia	Clostridiales		
OTU_602	Bacteria	Bacteroidetes	Bacteroidia	Bacteroidales	Bacteroidaceae	Bacteroides
OTU_639	Bacteria	Firmicutes	Clostridia	Clostridiales	Lachnospiraceae	
OTU_496	Bacteria	Bacteroidetes	Bacteroidia	Bacteroidales	Bacteroidaceae	Bacteroides
OTU_646	Bacteria					
OTU_565	Bacteria	Bacteroidetes	Bacteroidia	Bacteroidales	Rikenellaceae	Alistipes
OTU_742	Bacteria	Proteobacteria	Betaproteobacteria	Burkholderiales	Oxalobacteraceae	Undibacterium
OTU_795	Bacteria	Firmicutes	Clostridia	Clostridiales	Ruminococcaceae	
OTU_607	Bacteria	Firmicutes	Clostridia	Clostridiales	Ruminococcaceae	Anaerotruncus
OTU_48	Bacteria	Firmicutes	Clostridia	Clostridiales	Ruminococcaceae	
OTU_719	Bacteria	Firmicutes	Clostridia	Clostridiales	Ruminococcaceae	Anaerotruncus
OTU_624	Bacteria	Bacteroidetes	Bacteroidia	Bacteroidales	Porphyromonadaceae	
OTU_650	Bacteria	Firmicutes	Clostridia	Clostridiales	Lachnospiraceae	
OTU_521	Bacteria	Bacteroidetes	Flavobacteria	Flavobacteriales	Flavobacteriaceae	Cloacibacterium
OTU_581	Bacteria	Firmicutes	Clostridia	Clostridiales	Lachnospiraceae	Dorea
OTU_751	Bacteria	Firmicutes	Clostridia	Clostridiales	Lachnospiraceae	
OTU_279	Bacteria	Firmicutes	Clostridia	Clostridiales		
OTU_473	Bacteria	Firmicutes	Clostridia	Clostridiales	Ruminococcaceae	Faecalibacterium
OTU_836	Bacteria	Firmicutes	Clostridia	Clostridiales	Ruminococcaceae	
OTU_706	Bacteria	Firmicutes	Clostridia	Clostridiales	Ruminococcaceae	
OTU_601	Bacteria	Firmicutes	Clostridia	Clostridiales	Ruminococcaceae	Clostridium IV
OTU_626	Bacteria	Firmicutes	Clostridia	Clostridiales	Lachnospiraceae	Dorea
OTU_206	Bacteria	Firmicutes	Clostridia	Clostridiales	Ruminococcaceae	Oscillibacter
OTU_806	Bacteria	Firmicutes	Clostridia	Clostridiales	Lachnospiraceae	
OTU_618	Bacteria	Firmicutes	Clostridia	Clostridiales	Ruminococcaceae	
OTU_192	Bacteria	Firmicutes	Clostridia	Clostridiales	Ruminococcaceae	Ruminococcus
OTU_464	Bacteria					
OTU_465	Bacteria					
OTU_267	Bacteria	Actinobacteria	Actinobacteria	Bifidobacteriales	Bifidobacteriaceae	Bifidobacterium
OTU_707	Bacteria	Firmicutes	Clostridia	Clostridiales	Lachnospiraceae	Lachnospiracea_incertae_sedis
OTU_397	Bacteria	Actinobacteria	Actinobacteria	Coriobacteriales	Coriobacteriaceae	
OTU_568	Bacteria	Firmicutes	Clostridia	Clostridiales	Ruminococcaceae	
OTU_585	Bacteria	Firmicutes	Clostridia	Clostridiales	Ruminococcaceae	Faecalibacterium
OTU_110	Bacteria	Firmicutes	Clostridia	Clostridiales	Ruminococcaceae	
OTU_422	Bacteria	Firmicutes	Clostridia	Clostridiales	Ruminococcaceae	
OTU_843	Bacteria	Firmicutes	Clostridia	Clostridiales	Lachnospiraceae	
OTU_96	Bacteria	Firmicutes	Clostridia	Clostridiales	Lachnospiraceae	Coprococcus
OTU_826	Bacteria	Bacteroidetes	Bacteroidia	Bacteroidales	Prevotellaceae	Prevotella
OTU_250	Bacteria	Firmicutes	Clostridia	Clostridiales		
OTU_671	Bacteria	Firmicutes	Clostridia	Clostridiales	Ruminococcaceae	Faecalibacterium
OTU_313	Bacteria	Firmicutes	Clostridia	Clostridiales	Ruminococcaceae	
OTU_711	Bacteria	Proteobacteria	Gammaproteobacteria	Enterobacteriales	Enterobacteriaceae	
OTU_623	Bacteria	Firmicutes	Clostridia	Clostridiales	Ruminococcaceae	Butyricicoccus
OTU_468	Bacteria	Firmicutes	Clostridia	Clostridiales	Ruminococcaceae	
OTU_689	Bacteria	Firmicutes	Clostridia	Clostridiales	Lachnospiraceae	
OTU_461	Bacteria					
OTU_187	Bacteria	Firmicutes	Clostridia	Clostridiales	Ruminococcaceae	
OTU_467	Bacteria	Firmicutes	Clostridia	Clostridiales		
OTU_453	Bacteria	Bacteroidetes	Bacteroidia	Bacteroidales	Rikenellaceae	Alistipes
OTU_372	Bacteria	Firmicutes	Clostridia	Clostridiales		
OTU_788	Bacteria	Bacteroidetes	Bacteroidia	Bacteroidales	Bacteroidaceae	Bacteroides
OTU_798	Bacteria	Firmicutes	Clostridia	Clostridiales	Lachnospiraceae	Lachnospiracea_incertae_sedis
OTU_698	Bacteria	Bacteroidetes	Bacteroidia	Bacteroidales	Porphyromonadaceae	Porphyromonas
OTU_665	Bacteria	Firmicutes	Clostridia	Clostridiales	Lachnospiraceae	
OTU_381	Bacteria	Firmicutes	Clostridia	Clostridiales	Ruminococcaceae	
OTU_731	Bacteria	Firmicutes	Clostridia	Clostridiales		
OTU_314	Bacteria	Firmicutes	Clostridia	Clostridiales	Lachnospiraceae	Lachnospiracea_incertae_sedis
OTU_723	Bacteria	Bacteroidetes	Bacteroidia	Bacteroidales	Porphyromonadaceae	Barnesiella
OTU_449	Bacteria	Firmicutes	Clostridia	Clostridiales	Lachnospiraceae	Lachnospiracea_incertae_sedis
OTU_342	Bacteria	Bacteroidetes	Bacteroidia	Bacteroidales	Prevotellaceae	Prevotella
OTU_708	Bacteria	Bacteroidetes	Bacteroidia	Bacteroidales	Bacteroidaceae	Bacteroides
OTU_149	Bacteria	Firmicutes	Clostridia	Clostridiales	Ruminococcaceae	Butyricicoccus
OTU_466	Bacteria	Firmicutes				
OTU_513	Bacteria	Firmicutes	Clostridia	Clostridiales	Ruminococcaceae	
OTU_784	Bacteria	Firmicutes	Clostridia	Clostridiales		
OTU_701	Bacteria	Firmicutes	Clostridia	Clostridiales		
OTU_681	Bacteria	Firmicutes	Clostridia	Clostridiales	Ruminococcaceae	Faecalibacterium
OTU_653	Bacteria	Firmicutes	Clostridia	Clostridiales	Lachnospiraceae	
OTU_426	Bacteria					
OTU_251	Bacteria	Firmicutes	Clostridia	Clostridiales	Ruminococcaceae	
OTU_518	Bacteria	Bacteroidetes	Bacteroidia	Bacteroidales	Bacteroidaceae	Bacteroides
OTU_284	Bacteria	Firmicutes	Clostridia	Clostridiales		
OTU_793	Bacteria	Firmicutes				
OTU_651	Bacteria	Firmicutes	Clostridia	Clostridiales	Ruminococcaceae	Faecalibacterium
OTU_741	Bacteria	Firmicutes	Clostridia	Clostridiales		
OTU_670	Bacteria	Firmicutes	Clostridia	Clostridiales	Ruminococcaceae	Faecalibacterium
OTU_799	Bacteria	Firmicutes	Clostridia	Clostridiales		
OTU_362	Bacteria	Firmicutes	Clostridia	Clostridiales	Ruminococcaceae	
OTU_759	Bacteria	Bacteroidetes	Bacteroidia	Bacteroidales	Prevotellaceae	
OTU_766	Bacteria	Firmicutes	Clostridia	Clostridiales	Ruminococcaceae	Flavonifractor
OTU_583	Bacteria	Bacteroidetes	Bacteroidia	Bacteroidales	Prevotellaceae	
OTU_645	Bacteria	Firmicutes	Clostridia	Clostridiales	Lachnospiraceae	
OTU_578	Bacteria	Firmicutes	Clostridia	Clostridiales	Lachnospiraceae	
OTU_702	Bacteria	Firmicutes	Clostridia	Clostridiales	Ruminococcaceae	
OTU_695	Bacteria	Firmicutes	Clostridia	Clostridiales	Lachnospiraceae	Dorea
OTU_787	Bacteria	Proteobacteria	Betaproteobacteria	Burkholderiales	Sutterellaceae	Parasutterella
OTU_366	Bacteria	Firmicutes	Clostridia	Clostridiales	Lachnospiraceae	Blautia
OTU_108	Bacteria	Firmicutes	Bacilli	Lactobacillales	Streptococcaceae	Streptococcus
OTU_506	Bacteria	Firmicutes	Clostridia	Clostridiales	Lachnospiraceae	
OTU_343	Bacteria	Firmicutes	Clostridia	Clostridiales		
OTU_633	Bacteria	Firmicutes	Erysipelotrichia	Erysipelotrichales	Erysipelotrichaceae	Holdemania
OTU_589	Bacteria	Firmicutes	Clostridia	Clostridiales	Lachnospiraceae	
OTU_355	Bacteria	Firmicutes	Clostridia	Clostridiales	Ruminococcaceae	Faecalibacterium
OTU_335	Bacteria	Firmicutes	Clostridia	Clostridiales	Lachnospiraceae	Lachnospiracea_incertae_sedis
OTU_588	Bacteria	Firmicutes	Clostridia	Clostridiales		
OTU_561	Bacteria	Firmicutes	Clostridia	Clostridiales	Ruminococcaceae	
OTU_810	Bacteria	Firmicutes	Clostridia	Clostridiales		
OTU_785	Bacteria	Firmicutes	Clostridia	Clostridiales		
OTU_321	Bacteria	Firmicutes	Clostridia	Clostridiales	Ruminococcaceae	
OTU_643	Bacteria	Firmicutes	Clostridia	Clostridiales	Ruminococcaceae	Oscillibacter
OTU_339	Bacteria	Firmicutes	Clostridia	Clostridiales	Ruminococcaceae	
OTU_574	Bacteria	Firmicutes	Clostridia	Clostridiales	Ruminococcaceae	
OTU_402	Bacteria	Firmicutes	Clostridia	Clostridiales	Ruminococcaceae	Ruminococcus
OTU_410	Bacteria	Bacteroidetes	Bacteroidia	Bacteroidales	Bacteroidaceae	Bacteroides
OTU_676	Bacteria	Firmicutes	Clostridia	Clostridiales		
OTU_672	Bacteria	Firmicutes	Clostridia	Clostridiales	Ruminococcaceae	
OTU_399	Bacteria	Firmicutes	Clostridia	Clostridiales	Lachnospiraceae	Blautia
OTU_137	Bacteria	Firmicutes	Clostridia	Clostridiales		
OTU_142	Bacteria	Firmicutes	Clostridia	Clostridiales	Ruminococcaceae	
OTU_792	Bacteria	Firmicutes	Clostridia	Clostridiales	Lachnospiraceae	Blautia
OTU_771	Bacteria	Firmicutes	Clostridia	Clostridiales	Ruminococcaceae	
OTU_350	Bacteria	Firmicutes	Clostridia	Clostridiales	Ruminococcaceae	
OTU_344	Bacteria	Firmicutes	Clostridia	Clostridiales	Lachnospiraceae	
OTU_715	Bacteria					
OTU_219	Bacteria	Firmicutes	Clostridia	Clostridiales	Clostridiaceae 1	Clostridium sensu stricto
OTU_139	Bacteria	Actinobacteria	Actinobacteria	Actinomycetales	Actinomycetaceae	Actinomyces
OTU_353	Bacteria	Actinobacteria	Actinobacteria	Coriobacteriales	Coriobacteriaceae	Enterorhabdus
OTU_483	Bacteria	Firmicutes	Clostridia	Clostridiales	Ruminococcaceae	Oscillibacter
OTU_730	Bacteria	Firmicutes				
OTU_717	Bacteria	Firmicutes				
OTU_835	Bacteria	Firmicutes	Clostridia	Clostridiales		
OTU_839	Bacteria	Bacteroidetes	Bacteroidia	Bacteroidales	Porphyromonadaceae	Barnesiella
OTU_229	Bacteria	Proteobacteria	Betaproteobacteria	Burkholderiales	Sutterellaceae	Parasutterella
OTU_260	Bacteria	Firmicutes	Clostridia	Clostridiales	Ruminococcaceae	Oscillibacter
OTU_807	Bacteria	Firmicutes	Clostridia	Clostridiales	Lachnospiraceae	
OTU_386	Bacteria	Firmicutes	Clostridia	Clostridiales		
OTU_688	Bacteria					
OTU_822	Bacteria	Firmicutes	Clostridia	Clostridiales		
OTU_289	Bacteria	Firmicutes	Clostridia	Clostridiales	Lachnospiraceae	
OTU_748	Bacteria	Bacteroidetes	Sphingobacteria	Sphingobacteriales	Sphingobacteriaceae	Pedobacter
OTU_46	Bacteria	Firmicutes	Bacilli	Lactobacillales	Lactobacillaceae	Lactobacillus
OTU_136	Bacteria	Firmicutes	Clostridia	Clostridiales	Lachnospiraceae	
OTU_472	Bacteria	Firmicutes	Clostridia	Clostridiales	Ruminococcaceae	Ruminococcus
OTU_370	Bacteria	Actinobacteria	Actinobacteria	Actinomycetales	Micrococcaceae	Rothia
OTU_62	Bacteria	Firmicutes	Clostridia	Clostridiales	Ruminococcaceae	Ruminococcus
OTU_811	Bacteria	Firmicutes	Clostridia	Clostridiales	Ruminococcaceae	Clostridium IV
OTU_571	Bacteria	Firmicutes	Clostridia	Clostridiales		
OTU_812	Bacteria	Firmicutes	Clostridia	Clostridiales	Lachnospiraceae	
OTU_673	Bacteria	Firmicutes	Clostridia	Clostridiales	Lachnospiraceae	Blautia
OTU_838	Bacteria	Firmicutes	Clostridia	Clostridiales	Ruminococcaceae	
OTU_340	Bacteria	Firmicutes	Clostridia	Clostridiales		
OTU_378	Bacteria	Firmicutes	Clostridia	Clostridiales	Lachnospiraceae	Roseburia
OTU_488	Bacteria					
OTU_683	Bacteria	Firmicutes	Clostridia	Clostridiales	Lachnospiraceae	
OTU_713	Bacteria	Firmicutes	Clostridia	Clostridiales	Ruminococcaceae	
OTU_471	Bacteria	Firmicutes	Bacilli	Lactobacillales	Lactobacillaceae	Lactobacillus
OTU_718	Bacteria	Firmicutes	Clostridia	Clostridiales	Ruminococcaceae	
OTU_109	Bacteria	Firmicutes	Clostridia	Clostridiales		
OTU_758	Bacteria	Firmicutes	Clostridia	Clostridiales	Lachnospiraceae	Roseburia
OTU_194	Bacteria	Actinobacteria	Actinobacteria	Coriobacteriales	Coriobacteriaceae	Slackia
OTU_401	Bacteria	Firmicutes	Clostridia	Clostridiales	Lachnospiraceae	
OTU_169	Bacteria	Firmicutes	Clostridia	Clostridiales		
OTU_693	Bacteria	Firmicutes	Clostridia	Clostridiales	Ruminococcaceae	
OTU_668	Bacteria	Bacteroidetes	Bacteroidia	Bacteroidales	Bacteroidaceae	Bacteroides
OTU_660	Bacteria	Firmicutes	Clostridia	Clostridiales	Lachnospiraceae	Dorea
OTU_823	Bacteria	Bacteroidetes	Bacteroidia	Bacteroidales	Porphyromonadaceae	Butyricimonas
OTU_546	Bacteria	Firmicutes	Clostridia	Clostridiales	Ruminococcaceae	Faecalibacterium
OTU_819	Bacteria	Firmicutes	Clostridia	Clostridiales	Ruminococcaceae	
OTU_846	Bacteria	Firmicutes	Clostridia	Clostridiales	Lachnospiraceae	Blautia
OTU_709	Bacteria	Firmicutes	Clostridia	Clostridiales	Ruminococcaceae	
OTU_710	Bacteria	Firmicutes	Clostridia	Clostridiales	Ruminococcaceae	
OTU_794	Bacteria					
OTU_696	Bacteria	Firmicutes	Clostridia	Clostridiales		
OTU_663	Bacteria	Firmicutes	Clostridia	Clostridiales	Lachnospiraceae	
OTU_752	Bacteria	Proteobacteria	Betaproteobacteria	Burkholderiales	Oxalobacteraceae	
OTU_193	Bacteria	Firmicutes	Clostridia	Clostridiales	Ruminococcaceae	Ruminococcus
OTU_720	Bacteria	Firmicutes	Clostridia	Clostridiales	Lachnospiraceae	
OTU_462	Bacteria	Firmicutes	Clostridia	Clostridiales		
OTU_678	Bacteria	Firmicutes	Clostridia	Clostridiales	Ruminococcaceae	
OTU_767	Bacteria	Firmicutes	Clostridia	Clostridiales	Ruminococcaceae	Flavonifractor
OTU_508	Bacteria	Firmicutes	Clostridia	Clostridiales		
OTU_816	Bacteria	Firmicutes	Clostridia	Clostridiales	Ruminococcaceae	
OTU_674	Bacteria	Firmicutes	Clostridia	Clostridiales	Ruminococcaceae	
OTU_666	Bacteria	Firmicutes	Clostridia	Clostridiales	Ruminococcaceae	
OTU_552	Bacteria	Firmicutes	Clostridia	Clostridiales	Ruminococcaceae	Faecalibacterium
OTU_592	Bacteria	Firmicutes	Clostridia	Clostridiales		
OTU_609	Bacteria	Firmicutes	Clostridia	Clostridiales	Ruminococcaceae	
OTU_576	Bacteria	Firmicutes	Clostridia	Clostridiales	Peptococcaceae 1	Peptococcus
OTU_814	Bacteria	Firmicutes	Clostridia	Clostridiales	Lachnospiraceae	Lachnospiracea_incertae_sedis
OTU_628	Bacteria					
OTU_725	Bacteria	Firmicutes	Clostridia	Clostridiales	Ruminococcaceae	
OTU_619	Bacteria	Firmicutes	Erysipelotrichia	Erysipelotrichales	Erysipelotrichaceae	
OTU_586	Bacteria					
OTU_425	Bacteria	Bacteroidetes	Bacteroidia	Bacteroidales	Rikenellaceae	Alistipes
OTU_567	Bacteria	Firmicutes	Clostridia	Clostridiales	Ruminococcaceae	
OTU_415	Bacteria	Bacteroidetes	Bacteroidia	Bacteroidales	Bacteroidaceae	Bacteroides
OTU_721	Bacteria	Firmicutes	Clostridia	Clostridiales	Lachnospiraceae	Clostridium XlVb
OTU_735	Bacteria	Firmicutes	Clostridia	Clostridiales	Lachnospiraceae	
OTU_621	Bacteria	Actinobacteria	Actinobacteria	Coriobacteriales	Coriobacteriaceae	
OTU_261	Bacteria					
OTU_830	Bacteria	Firmicutes	Clostridia	Clostridiales	Lachnospiraceae	
OTU_662	Bacteria	Firmicutes	Bacilli	Lactobacillales	Streptococcaceae	Lactococcus
OTU_380	Bacteria	Firmicutes	Clostridia	Clostridiales	Ruminococcaceae	Oscillibacter
OTU_403	Bacteria	Firmicutes	Clostridia	Clostridiales		
OTU_791	Bacteria	Firmicutes	Clostridia	Clostridiales	Ruminococcaceae	
OTU_762	Bacteria	Bacteroidetes	Bacteroidia	Bacteroidales	Rikenellaceae	Alistipes
OTU_631	Bacteria	Firmicutes	Clostridia	Clostridiales	Ruminococcaceae	
OTU_447	Bacteria	Firmicutes	Clostridia	Clostridiales	Ruminococcaceae	Clostridium IV
OTU_776	Bacteria					
OTU_604	Bacteria	Firmicutes	Clostridia	Clostridiales	Ruminococcaceae	
OTU_582	Bacteria	Firmicutes	Clostridia	Clostridiales	Ruminococcaceae	
OTU_736	Bacteria	Firmicutes	Clostridia	Clostridiales	Lachnospiraceae	
OTU_818	Bacteria	Firmicutes	Clostridia	Clostridiales	Ruminococcaceae	Ruminococcus
OTU_509	Bacteria	Firmicutes	Clostridia	Clostridiales	Ruminococcaceae	
OTU_288	Bacteria	Bacteroidetes	Bacteroidia	Bacteroidales	Prevotellaceae	
OTU_775	Bacteria	Firmicutes	Clostridia	Clostridiales	Lachnospiraceae	Lachnospiracea_incertae_sedis
OTU_763	Bacteria	Firmicutes	Clostridia	Clostridiales	Ruminococcaceae	
OTU_452	Bacteria	Firmicutes				
OTU_485	Bacteria	Firmicutes	Clostridia	Clostridiales	Lachnospiraceae	Blautia
OTU_247	Bacteria	Firmicutes	Clostridia	Clostridiales	Ruminococcaceae	Faecalibacterium
OTU_233	Bacteria	Bacteroidetes	Bacteroidia	Bacteroidales	Bacteroidaceae	Bacteroides
OTU_286	Bacteria	Firmicutes	Clostridia	Clostridiales	Lachnospiraceae	Roseburia
OTU_507	Bacteria	Firmicutes	Clostridia	Clostridiales	Ruminococcaceae	
OTU_30	Bacteria	Firmicutes	Clostridia	Clostridiales	Ruminococcaceae	
OTU_847	Bacteria	Firmicutes				
OTU_432	Bacteria	Actinobacteria	Actinobacteria	Coriobacteriales	Coriobacteriaceae	
OTU_778	Bacteria	Bacteroidetes	Bacteroidia	Bacteroidales	Rikenellaceae	Alistipes
OTU_774	Bacteria	Firmicutes	Clostridia	Clostridiales	Ruminococcaceae	Ruminococcus
OTU_716	Bacteria	Firmicutes	Clostridia	Clostridiales	Ruminococcaceae	
OTU_757	Bacteria	Proteobacteria	Betaproteobacteria	Burkholderiales		
OTU_429	Bacteria	Firmicutes	Clostridia	Clostridiales		
OTU_808	Bacteria	Firmicutes	Clostridia	Clostridiales	Lachnospiraceae	
OTU_135	Bacteria	Firmicutes	Clostridia	Clostridiales	Ruminococcaceae	
OTU_200	Bacteria	Firmicutes	Clostridia	Clostridiales	Lachnospiraceae	
OTU_815	Bacteria	Bacteroidetes	Bacteroidia	Bacteroidales	Bacteroidaceae	Bacteroides
OTU_515	Bacteria	Firmicutes	Clostridia	Clostridiales	Lachnospiraceae	
OTU_800	Bacteria	Firmicutes	Clostridia	Clostridiales	Lachnospiraceae	Dorea
OTU_617	Bacteria	Firmicutes	Negativicutes	Selenomonadales	Veillonellaceae	Megasphaera
OTU_564	Bacteria	Firmicutes	Clostridia	Clostridiales	Ruminococcaceae	
OTU_630	Bacteria	Firmicutes	Clostridia	Clostridiales	Ruminococcaceae	
OTU_821	Bacteria	Firmicutes	Clostridia	Clostridiales	Lachnospiraceae	Lachnospiracea_incertae_sedis
OTU_610	Bacteria	Firmicutes	Clostridia	Clostridiales		
OTU_523	Bacteria	Firmicutes	Clostridia	Clostridiales	Ruminococcaceae	Faecalibacterium
OTU_204	Bacteria					
OTU_540	Bacteria	Actinobacteria	Actinobacteria	Coriobacteriales	Coriobacteriaceae	Collinsella
OTU_42	Bacteria	Bacteroidetes	Bacteroidia	Bacteroidales	Bacteroidaceae	Bacteroides
OTU_570	Bacteria	Firmicutes	Clostridia	Clostridiales		
OTU_450	Bacteria	Firmicutes	Clostridia	Clostridiales	Lachnospiraceae	
OTU_455	Bacteria	Firmicutes	Clostridia	Clostridiales	Ruminococcaceae	
OTU_531	Bacteria	Firmicutes	Clostridia	Clostridiales	Lachnospiraceae	
OTU_611	Bacteria	Firmicutes	Erysipelotrichia	Erysipelotrichales	Erysipelotrichaceae	Clostridium XVIII
OTU_532	Bacteria	Firmicutes	Clostridia	Clostridiales		
OTU_842	Bacteria	Firmicutes	Clostridia	Clostridiales	Lachnospiraceae	Clostridium XlVb
OTU_479	Bacteria	Firmicutes	Clostridia	Clostridiales	Ruminococcaceae	Faecalibacterium
OTU_438	Bacteria	Firmicutes	Clostridia	Clostridiales	Ruminococcaceae	Faecalibacterium
OTU_414	Bacteria	Firmicutes	Clostridia	Clostridiales	Lachnospiraceae	
OTU_428	Bacteria	Firmicutes	Clostridia	Clostridiales		
OTU_636	Bacteria	Firmicutes	Clostridia	Clostridiales		
OTU_761	Bacteria	Proteobacteria	Epsilonproteobacteria	Campylobacterales	Helicobacteraceae	Helicobacter
OTU_789	Bacteria	Bacteroidetes	Bacteroidia	Bacteroidales	Prevotellaceae	Prevotella
OTU_424	Bacteria	Firmicutes	Negativicutes	Selenomonadales	Acidaminococcaceae	
OTU_306	Bacteria	Firmicutes	Clostridia	Clostridiales	Ruminococcaceae	Faecalibacterium
OTU_454	Bacteria	Bacteroidetes	Bacteroidia	Bacteroidales	Porphyromonadaceae	Butyricimonas
OTU_517	Bacteria	Firmicutes	Clostridia	Clostridiales	Ruminococcaceae	
OTU_790	Bacteria	Firmicutes	Clostridia	Clostridiales		
OTU_694	Bacteria	Firmicutes	Clostridia	Clostridiales	Ruminococcaceae	
OTU_329	Bacteria	Firmicutes	Clostridia	Clostridiales	Ruminococcaceae	
OTU_773	Bacteria	Bacteroidetes	Bacteroidia	Bacteroidales	Bacteroidaceae	Bacteroides
OTU_796	Bacteria	Firmicutes	Clostridia	Clostridiales	Peptococcaceae 1	Peptococcus
OTU_441	Bacteria	Firmicutes	Clostridia	Clostridiales	Ruminococcaceae	
OTU_813	Bacteria	Bacteroidetes	Bacteroidia	Bacteroidales	Rikenellaceae	Alistipes
OTU_470	Bacteria					
OTU_484	Bacteria	Firmicutes	Clostridia	Clostridiales	Lachnospiraceae	
OTU_686	Bacteria					
OTU_376	Bacteria	Firmicutes	Bacilli	Lactobacillales	Streptococcaceae	Streptococcus
OTU_451	Bacteria	Firmicutes	Clostridia	Clostridiales	Lachnospiraceae	Lachnospiracea_incertae_sedis
OTU_146	Bacteria	Firmicutes	Clostridia	Clostridiales		
OTU_655	Bacteria	Firmicutes	Clostridia	Clostridiales	Ruminococcaceae	Faecalibacterium
OTU_421	Bacteria	Firmicutes	Clostridia	Clostridiales		
OTU_728	Bacteria	Firmicutes	Clostridia	Clostridiales		
OTU_411	Bacteria	Firmicutes	Clostridia	Clostridiales	Lachnospiraceae	
OTU_828	Bacteria	Firmicutes	Clostridia	Clostridiales	Lachnospiraceae	Roseburia
OTU_368	Bacteria	Proteobacteria	Alphaproteobacteria	Rhizobiales	Hyphomicrobiaceae	Gemmiger
OTU_705	Bacteria	Firmicutes	Clostridia	Clostridiales	Lachnospiraceae	
OTU_190	Bacteria					
OTU_737	Bacteria	Firmicutes	Clostridia	Clostridiales		
OTU_632	Bacteria	Firmicutes	Clostridia	Clostridiales	Ruminococcaceae	Faecalibacterium
OTU_527	Bacteria	Firmicutes	Clostridia	Clostridiales	Lachnospiraceae	Blautia
OTU_179	Bacteria	Firmicutes	Clostridia	Clostridiales	Lachnospiraceae	
OTU_627	Bacteria	Firmicutes	Clostridia	Clostridiales	Ruminococcaceae	
OTU_579	Bacteria	Firmicutes	Erysipelotrichia	Erysipelotrichales	Erysipelotrichaceae	
OTU_287	Bacteria	Firmicutes	Clostridia	Clostridiales	Ruminococcaceae	
OTU_841	Bacteria	Firmicutes	Clostridia	Clostridiales	Lachnospiraceae	Lachnospiracea_incertae_sedis
OTU_478	Bacteria	Firmicutes	Clostridia	Clostridiales	Lachnospiraceae	Roseburia
OTU_330	Bacteria	Firmicutes	Clostridia	Clostridiales		
OTU_327	Bacteria	Firmicutes	Clostridia	Clostridiales	Lachnospiraceae	
OTU_606	Bacteria	Firmicutes	Clostridia	Clostridiales	Ruminococcaceae	Ruminococcus
OTU_333	Bacteria	Firmicutes	Clostridia	Clostridiales		
OTU_625	Bacteria	Firmicutes	Clostridia	Clostridiales		
OTU_541	Bacteria	Firmicutes	Clostridia	Clostridiales		
OTU_304	Bacteria	Firmicutes	Clostridia	Clostridiales	Peptococcaceae 1	Peptococcus
OTU_577	Bacteria	Firmicutes	Clostridia	Clostridiales	Lachnospiraceae	
OTU_669	Bacteria	Bacteroidetes	Bacteroidia	Bacteroidales	Porphyromonadaceae	Parabacteroides
OTU_703	Bacteria	Firmicutes	Clostridia	Clostridiales		
OTU_739	Bacteria	Firmicutes	Clostridia	Clostridiales	Ruminococcaceae	Ruminococcus
OTU_614	Bacteria					
OTU_605	Bacteria	Firmicutes	Clostridia	Clostridiales		
OTU_528	Bacteria	Bacteroidetes	Bacteroidia	Bacteroidales	Porphyromonadaceae	Butyricimonas
OTU_615	Bacteria	Firmicutes	Clostridia	Clostridiales	Lachnospiraceae	Blautia
OTU_498	Bacteria					
OTU_768	Bacteria	Firmicutes	Clostridia	Clostridiales	Ruminococcaceae	Clostridium IV
OTU_769	Bacteria	Firmicutes	Clostridia	Clostridiales		
OTU_783	Bacteria	Bacteroidetes	Bacteroidia	Bacteroidales	Prevotellaceae	
OTU_167	Bacteria	Actinobacteria	Actinobacteria	Actinomycetales		
OTU_533	Bacteria	Firmicutes	Clostridia	Clostridiales	Ruminococcaceae	
OTU_824	Bacteria	Firmicutes	Clostridia	Clostridiales	Ruminococcaceae	
OTU_599	Bacteria	Firmicutes	Clostridia	Clostridiales	Ruminococcaceae	Faecalibacterium
OTU_492	Bacteria	Firmicutes	Clostridia	Clostridiales	Lachnospiraceae	Blautia
OTU_597	Bacteria	Bacteroidetes	Bacteroidia	Bacteroidales	Porphyromonadaceae	Barnesiella
OTU_732	Bacteria	Firmicutes	Clostridia	Clostridiales		
OTU_569	Bacteria	Firmicutes	Clostridia	Clostridiales	Ruminococcaceae	Ruminococcus
OTU_834	Bacteria	Proteobacteria	Alphaproteobacteria	Rhizobiales	Hyphomicrobiaceae	Gemmiger
OTU_285	Bacteria	Firmicutes	Clostridia	Clostridiales	Lachnospiraceae	
OTU_487	Bacteria					
OTU_151	Bacteria	Firmicutes	Clostridia	Clostridiales	Ruminococcaceae	
OTU_482	Bacteria	Actinobacteria	Actinobacteria	Coriobacteriales	Coriobacteriaceae	
OTU_679	Bacteria	Firmicutes	Clostridia	Clostridiales	Ruminococcaceae	Oscillibacter
OTU_727	Bacteria	Firmicutes	Clostridia	Clostridiales	Ruminococcaceae	
OTU_486	Bacteria	Bacteroidetes	Bacteroidia	Bacteroidales	Prevotellaceae	Prevotella
OTU_413	Bacteria	Firmicutes	Clostridia	Clostridiales		
OTU_67	Bacteria	Firmicutes	Clostridia	Clostridiales	Lachnospiraceae	
OTU_638	Bacteria	Firmicutes	Clostridia	Clostridiales	Lachnospiraceae	
OTU_596	Bacteria	Firmicutes	Clostridia	Clostridiales	Lachnospiraceae	Roseburia
OTU_595	Bacteria	Firmicutes	Clostridia	Clostridiales	Lachnospiraceae	
OTU_598	Bacteria	Firmicutes	Clostridia	Clostridiales	Ruminococcaceae	Faecalibacterium
OTU_76	Bacteria	Firmicutes	Negativicutes	Selenomonadales	Veillonellaceae	Veillonella
OTU_825	Bacteria	Firmicutes	Clostridia	Clostridiales	Ruminococcaceae	
OTU_122	Bacteria	Bacteroidetes	Bacteroidia	Bacteroidales	Prevotellaceae	Paraprevotella
OTU_446	Bacteria	Firmicutes	Clostridia	Clostridiales	Lachnospiraceae	
OTU_831	Bacteria	Firmicutes	Clostridia	Clostridiales	Ruminococcaceae	Ruminococcus
OTU_832	Bacteria	Firmicutes	Clostridia	Clostridiales	Lachnospiraceae	Lachnospiracea_incertae_sedis
OTU_661	Bacteria	Firmicutes	Clostridia	Clostridiales		
OTU_131	Bacteria	Firmicutes	Clostridia	Clostridiales	Ruminococcaceae	
OTU_445	Bacteria	Bacteroidetes	Bacteroidia	Bacteroidales	Prevotellaceae	Prevotella
OTU_786	Bacteria	Firmicutes	Clostridia	Clostridiales		
OTU_746	Bacteria	Firmicutes	Clostridia	Clostridiales	Ruminococcaceae	
OTU_469	Bacteria	Firmicutes	Clostridia	Clostridiales	Ruminococcaceae	
OTU_697	Bacteria	Firmicutes	Clostridia	Clostridiales	Lachnospiraceae	
OTU_395	Bacteria	Firmicutes	Clostridia	Clostridiales		
OTU_305	Bacteria	Firmicutes	Clostridia	Clostridiales	Ruminococcaceae	
OTU_729	Bacteria	Firmicutes	Clostridia	Clostridiales	Ruminococcaceae	
OTU_246	Bacteria	Firmicutes	Clostridia	Clostridiales	Lachnospiraceae	Coprococcus
OTU_84	Bacteria	Proteobacteria	Alphaproteobacteria	Rhizobiales	Hyphomicrobiaceae	Gemmiger
OTU_555	Bacteria					
OTU_64	Bacteria	Firmicutes	Clostridia	Clostridiales		
OTU_777	Bacteria	Firmicutes	Bacilli	Lactobacillales		
OTU_634	Bacteria	Bacteroidetes	Bacteroidia	Bacteroidales	Rikenellaceae	Alistipes
OTU_534	Bacteria	Firmicutes	Clostridia	Clostridiales		
OTU_573	Bacteria					
OTU_562	Bacteria	Firmicutes	Clostridia	Clostridiales	Lachnospiraceae	Coprococcus
OTU_802	Bacteria	Firmicutes	Clostridia	Clostridiales	Lachnospiraceae	Lachnospiracea_incertae_sedis
OTU_143	Bacteria					
OTU_566	Bacteria	Firmicutes	Clostridia	Clostridiales	Lachnospiraceae	Lachnospiracea_incertae_sedis
OTU_817	Bacteria	Firmicutes	Clostridia	Clostridiales	Ruminococcaceae	
OTU_477	Bacteria	Firmicutes	Clostridia	Clostridiales	Ruminococcaceae	
OTU_801	Bacteria	Proteobacteria	Epsilonproteobacteria	Campylobacterales	Helicobacteraceae	Helicobacter
OTU_593	Bacteria	Proteobacteria	Betaproteobacteria	Burkholderiales	Sutterellaceae	Parasutterella
OTU_557	Bacteria	Firmicutes	Clostridia	Clostridiales		
OTU_544	Bacteria	Firmicutes	Clostridia	Clostridiales	Lachnospiraceae	Lachnospiracea_incertae_sedis
OTU_71	Bacteria	Firmicutes	Clostridia	Clostridiales	Ruminococcaceae	Faecalibacterium
OTU_849	Bacteria	Firmicutes	Clostridia	Clostridiales	Lachnospiraceae	
OTU_337	Bacteria	Actinobacteria	Actinobacteria	Coriobacteriales	Coriobacteriaceae	Collinsella
OTU_336	Bacteria	Firmicutes	Clostridia	Clostridiales		
OTU_264	Bacteria	Firmicutes	Clostridia	Clostridiales	Ruminococcaceae	
OTU_354	Bacteria	Firmicutes	Clostridia	Clostridiales	Ruminococcaceae	
OTU_722	Bacteria					
OTU_656	Bacteria	Firmicutes	Clostridia	Clostridiales	Ruminococcaceae	
OTU_652	Bacteria	Firmicutes	Clostridia	Clostridiales	Ruminococcaceae	
OTU_237	Bacteria	Firmicutes	Clostridia	Clostridiales		
OTU_127	Bacteria	Bacteroidetes	Bacteroidia	Bacteroidales	Prevotellaceae	Prevotella
OTU_491	Bacteria	Firmicutes	Clostridia			
OTU_134	Bacteria	Firmicutes	Erysipelotrichia	Erysipelotrichales	Erysipelotrichaceae	
OTU_804	Bacteria	Firmicutes	Clostridia	Clostridiales	Ruminococcaceae	
OTU_687	Bacteria	Firmicutes	Clostridia	Clostridiales		
OTU_529	Bacteria	Firmicutes	Clostridia	Clostridiales	Ruminococcaceae	
OTU_682	Bacteria	Firmicutes	Clostridia	Clostridiales		
OTU_640	Bacteria	Firmicutes	Clostridia	Clostridiales	Ruminococcaceae	Oscillibacter
OTU_363	Bacteria	Firmicutes	Clostridia	Clostridiales	Lachnospiraceae	
OTU_535	Bacteria	Firmicutes	Clostridia	Clostridiales	Lachnospiraceae	Blautia
OTU_685	Bacteria	Bacteroidetes	Bacteroidia	Bacteroidales	Rikenellaceae	Alistipes
OTU_704	Bacteria	Firmicutes	Clostridia	Clostridiales		
