#OTU ID	Delta-Compl-m13	Delta-Compl-m15	Delta-Compl-m16	Delta-Compl-m17	Delta-Compl1-49	Delta-Compl1-67	Delta-Compl3-51	Delta-Compl3-69	Delta-Compl4-52	Delta-Compl4-70	Delta-Compl5-53	Delta-Compl5-71	Delta-m11	Delta-m7	Delta-m8	Delta-m9	Delta1-43	Delta1-61	Delta2-44	Delta2-62	Delta3-45	Delta3-63	Delta5-47	Delta5-65	WT-m2	WT-m3	WT-m4	WT-m5	WT2-38	WT2-56	WT3-39	WT3-57	WT4-40	WT4-58	WT5-41	WT5-59
OTU_1	1851	6460	1573	832	571	1183	1525	4892	4934	363	1595	514	2227	1236	2886	4056	2134	1732	7300	652	4194	3026	2200	6236	4329	2183	3066	1203	706	505	6269	653	3240	2261	2744	813
OTU_10	91	1	58	1430	48	33	47	163	430	173	604	217	96	62	2531	6531	13	10	0	1887	1072	1548	12	15	155	56	3	144	229	425	67	285	2486	13286	176	188
OTU_100	2	1	2	12	14	5	8	11	2	2	25	7	20	10	6	1	5	4	1	5	0	6	3	0	11	1	3	7	6	2	7	43	4	28	7	1
OTU_101	1220	100	212	65	4	0	2	0	89	1	6	2	25	14	4	25	2	0	18	255	0	4	6	0	4	122	800	198	2	0	1	0	7	0	34	0
OTU_102	328	103	240	85	11	2	23	63	175	3	28	15	391	156	75	151	18	87	73	135	50	68	21	26	89	91	265	169	7	5	55	1	55	87	56	20
OTU_103	13	8	4	92	69	14	316	66	76	11	89	10	220	5	2	18	7	3	7	1	35	15	10	1	6	5	3	153	39	8	12	4	3	22	6	1
OTU_104	7	11	60	52	45	28	23	25	69	34	120	12	38	1	2	0	9	5	2	0	0	10	26	21	30	10	0	80	41	48	7	19	0	0	5	4
OTU_105	239	37	16	0	0	1	0	0	0	0	0	0	231	78	14	38	0	0	15	8	0	0	0	0	163	0	95	0	0	0	0	0	0	7	0	1
OTU_106	38	0	40	0	65	15	10	2	391	166	1	0	5	19	0	0	19	49	0	0	0	18	0	0	8	13	0	230	39	61	53	6	0	1	139	29
OTU_107	65	34	88	68	46	10	12	12	24	2	20	2	66	50	18	22	10	2	27	13	7	7	13	1	24	8	74	75	22	7	6	2	4	4	16	2
OTU_108	27	9	11	7	14	15	31	35	20	16	37	10	49	10	231	0	1	0	32	1	1	0	4	6	19	1	6	44	15	97	10	41	3	31	36	12
OTU_109	0	0	0	0	41	47	43	0	88	0	69	0	2	0	1	0	291	14	281	0	75	1	121	2	0	2	0	0	23	1	270	1	1220	172	148	0
OTU_11	606	10	853	115	17	0	38	1	167	0	2	3	191	35	31	1227	119	1472	117	44	107	10	0	0	33	396	208	561	7	3	55	1	390	4001	19	1
OTU_110	40	112	9	114	57	30	5	20	10	14	34	39	27	14	46	9	14	44	2	61	6	16	57	153	66	32	3	40	23	89	6	17	6	37	28	62
OTU_111	115	1	28	9	107	10	13	10	24	3	2	1	98	20	6	120	17	17	0	33	13	11	0	0	95	29	3	99	11	4	28	1	20	39	19	11
OTU_112	506	771	251	229	19	98	67	263	437	67	6	22	410	273	226	586	13	46	26	147	370	165	3	182	89	148	189	139	14	154	193	73	19	26	154	60
OTU_113	28	0	70	0	10	0	15	1	352	13	1	0	1	0	3	0	6	6	8	0	0	16	0	0	2	13	2	12	24	7	0	1	0	13	167	16
OTU_114	50	61	37	29	19	12	4	21	11	3	16	3	52	29	3	38	11	17	7	16	5	9	3	6	26	25	12	30	14	9	13	5	4	9	4	16
OTU_115	51	27	27	37	21	41	8	108	53	20	30	28	35	23	16	25	4	12	18	15	7	31	7	26	35	16	13	11	4	13	19	14	21	7	8	24
OTU_116	2	0	20	0	1	0	0	0	4	10	5	39	3	9	3	0	0	1	0	0	0	0	0	0	2	0	0	0	2	56	1	3	4	33	1	11
OTU_117	4	0	14	3	63	4	229	55	162	8	6	1	91	0	0	0	0	0	0	0	0	1	0	0	5	1	0	233	34	0	0	0	0	2	36	6
OTU_118	7	112	5	34	2	0	23	10	24	0	0	0	35	5	14	43	3	5	1	13	56	19	22	31	10	154	4	1	0	2	15	0	14	47	1	0
OTU_119	6	16	9	25	51	18	37	15	28	4	44	1	24	2	11	16	21	8	7	19	13	11	17	6	10	11	9	35	33	9	30	14	7	22	46	8
OTU_12	76	62	1137	192	4	0	36	799	371	432	217	133	30	43	1459	472	117	178	399	130	498	1900	40	717	207	245	63	80	88	598	132	189	56	76	57	634
OTU_120	68	23	37	214	4	0	150	81	95	53	141	19	184	7	78	0	44	27	81	0	0	13	75	50	20	22	4	2	58	57	31	24	0	0	68	36
OTU_121	174	1029	7	1	34	16	3	5	167	19	0	0	11	207	207	75	25	10	37	50	53	32	128	213	83	42	89	26	15	52	68	15	17	87	17	12
OTU_122	40	55	14	16	48	8	3	25	5	10	36	13	15	6	15	6	15	10	11	2	5	4	8	24	10	75	22	21	15	36	0	3	0	4	16	5
OTU_123	40	5	48	77	60	54	40	59	22	3	19	9	124	6	22	62	5	20	0	4	13	15	0	1	88	14	4	114	36	337	25	278	4	18	4	10
OTU_124	13	15	4	43	8	12	42	20	32	11	28	6	69	15	69	55	3	5	21	13	19	11	10	9	15	4	35	35	21	62	12	17	5	31	6	2
OTU_125	8	2	3	49	37	88	84	44	2	3	37	7	59	3	152	0	17	8	45	0	0	8	9	71	17	8	0	44	4	142	15	154	0	0	36	12
OTU_126	20	33	23	32	20	13	11	43	16	10	35	21	14	12	22	10	6	16	7	15	2	8	19	18	7	11	14	31	30	4	11	8	11	14	9	3
OTU_127	31	19	45	7	8	4	44	49	23	8	10	0	77	49	22	1	41	10	10	6	1	6	22	9	20	29	12	58	29	46	49	59	0	6	29	10
OTU_128	17	4	25	15	54	29	44	30	93	35	29	4	41	13	0	2	15	4	0	7	0	6	10	6	9	15	0	69	60	0	4	1	1	22	27	14
OTU_129	229	49	4	242	2	0	7	15	16	11	31	7	7	6	50	29	9	13	16	26	18	36	9	34	65	1	16	2	55	28	14	6	0	21	51	25
OTU_13	495	791	129	212	384	294	61	124	112	67	276	94	299	128	548	138	55	128	50	200	24	85	18	170	454	291	192	293	249	125	38	271	45	247	82	80
OTU_130	47	0	13	10	31	6	45	33	4	8	79	9	132	12	29	11	13	29	1	23	32	12	0	1	7	2	0	1	2	15	34	156	11	70	40	21
OTU_131	56	1	44	27	35	145	0	0	0	3	52	16	30	35	40	11	18	64	2	2	1	50	2	12	254	24	0	8	14	258	0	7	3	21	0	0
OTU_132	11	9	10	35	28	26	20	22	13	8	25	3	55	12	27	5	10	4	8	21	6	3	6	6	11	6	12	35	65	15	13	80	2	21	13	4
OTU_133	5	7	1	3	2	0	4	0	159	0	12	0	6	12	8	10	1	2	38	0	11	2	1	0	19	15	18	3	0	0	19	0	0	1	0	0
OTU_134	2	9	10	10	24	44	11	28	18	17	12	2	55	16	9	16	8	11	1	4	0	6	8	10	25	29	12	64	6	32	6	52	4	18	1	6
OTU_135	98	24	21	20	37	23	46	19	9	3	26	3	50	41	23	36	9	4	11	5	34	34	8	11	7	2	6	20	23	82	25	28	6	39	106	57
OTU_136	5	1	12	1	32	19	7	16	52	15	54	5	5	1	7	0	2	3	0	5	4	8	7	6	5	15	0	34	37	20	19	29	14	22	5	5
OTU_137	2	1	16	4	1	37	1	2	3	5	15	7	5	20	38	4	2	0	7	0	0	3	5	22	49	16	0	8	1	27	16	81	0	0	12	25
OTU_138	30	3	14	12	6	34	29	14	26	3	11	1	80	26	13	24	9	10	0	22	8	10	1	3	11	10	3	23	5	57	11	68	8	244	19	6
OTU_139	0	0	0	0	0	0	0	0	0	0	0	0	0	106	0	1	0	0	0	0	0	0	0	0	0	0	0	0	0	0	478	995	0	0	0	0
OTU_14	402	393	469	316	68	43	80	344	598	21	160	138	349	190	307	301	277	892	298	98	338	423	151	366	371	472	278	360	59	40	564	38	228	347	281	91
OTU_140	11	3	5	23	44	3	28	4	19	8	44	1	22	8	26	5	5	3	8	15	4	1	15	3	7	4	5	18	38	17	15	8	5	23	15	3
OTU_141	0	0	6	22	38	16	0	0	107	1	4	6	1	0	2	0	0	0	0	11	0	0	0	0	5	0	0	22	0	2	0	2	5	94	1	0
OTU_142	145	61	133	35	5	2	2	20	14	3	7	10	118	76	19	57	16	223	3	40	3	22	2	12	144	185	54	63	2	7	10	1	21	31	1	3
OTU_143	38	12	33	26	17	3	7	9	12	0	20	1	87	13	5	7	2	0	2	12	2	2	10	4	2	5	11	27	2	5	4	0	1	6	6	6
OTU_144	10	1	27	6	34	0	19	3	6	0	0	1	19	0	0	0	2	13	1	0	0	0	1	0	23	91	33	84	0	0	16	0	0	0	1	0
OTU_145	63	5	50	0	133	85	1	5	0	1	9	1	0	30	0	0	11	63	0	0	0	61	3	56	40	9	1	71	3	12	35	12	2	1	6	11
OTU_146	0	2	3	173	0	1	0	1	0	0	29	9	1	1	0	2	1	0	1	3	0	4	0	8	0	2	0	8	0	1	0	4	2	6	0	0
OTU_147	24	16	10	26	20	27	59	31	20	23	38	5	86	34	79	77	10	6	35	18	7	15	21	37	21	12	37	29	18	68	10	54	5	64	27	19
OTU_148	14	1	0	27	40	117	55	145	0	0	30	24	42	24	406	38	18	16	46	7	17	46	2	8	42	34	0	23	22	168	1	106	27	29	18	102
OTU_149	107	37	60	90	84	51	175	132	108	46	160	17	404	79	131	62	37	18	46	42	10	33	48	34	48	26	81	227	141	134	57	112	8	64	112	33
OTU_15	319	0	183	0	209	83	149	375	252	318	1	1	440	44	0	0	480	1112	0	3	0	227	0	0	167	149	0	328	784	2107	95	1142	1	1	483	373
OTU_150	35	37	24	1	3	65	34	57	5	18	16	5	17	25	1	0	85	225	0	1	0	33	19	196	76	23	0	49	92	57	19	138	20	68	41	5
OTU_151	54	130	10	11	23	31	23	57	120	135	60	8	26	46	901	114	60	75	224	231	46	86	177	224	72	10	104	60	40	370	57	359	105	789	65	63
OTU_152	24	8	28	8	23	17	2	23	4	3	4	2	23	10	8	10	9	12	3	12	5	7	4	1	30	44	16	15	5	4	8	1	5	7	6	6
OTU_153	49	1	8	99	18	12	12	69	5	1	24	10	23	3	7	17	11	21	1	14	2	6	0	5	31	17	0	12	1	23	5	2	2	15	31	63
OTU_154	0	3	0	13	2	1	0	0	0	0	15	14	5	6	7	9	2	1	0	94	26	115	0	0	1	4	1	0	15	0	19	0	1	11	1	9
OTU_155	24	0	14	26	83	17	8	26	0	0	409	23	1	26	2	1	6	2	0	2	0	2	0	1	7	39	2	18	55	109	86	8	1	2	68	19
OTU_156	27	18	22	49	38	38	40	33	22	14	68	3	90	11	8	49	7	8	2	16	10	17	12	4	16	14	2	58	22	71	18	12	1	34	32	21
OTU_157	17	12	4	13	9	17	22	34	8	11	20	7	68	13	28	13	8	9	12	8	1	8	4	19	9	10	15	20	11	46	3	33	4	29	7	12
OTU_158	11	7	5	1	2	1	51	55	0	0	7	0	84	20	13	0	19	5	3	2	0	0	14	6	30	14	1	2	1	178	30	22	0	0	22	4
OTU_159	43	2	12	16	37	38	48	38	22	7	19	0	58	9	45	36	12	8	20	6	15	22	4	1	5	10	5	44	40	74	19	44	3	35	67	23
OTU_16	84	34	93	204	265	117	325	150	891	80	167	37	65	41	143	220	61	32	39	121	406	128	63	70	42	76	42	329	40	149	453	202	91	1038	417	44
OTU_160	9	2	95	10	3	0	9	4	0	0	27	2	259	11	3	5	0	3	1	7	25	1	0	2	3	10	3	50	0	1	7	0	9	24	2	0
OTU_161	66	30	13	120	8	3	98	73	88	10	73	12	34	56	51	22	2	4	58	5	5	15	43	36	84	37	38	142	18	82	19	51	8	12	35	25
OTU_162	15	0	10	8	8	17	14	22	10	12	19	5	33	9	2	0	14	12	0	5	1	1	1	4	4	7	2	3	34	55	16	15	0	15	32	10
OTU_163	22	12	22	18	18	26	21	66	28	13	25	6	110	19	58	4	4	4	3	16	1	18	13	24	59	6	8	31	17	219	9	70	3	31	9	13
OTU_164	33	9	21	38	9	14	3	6	6	3	25	3	66	21	26	17	2	1	0	12	1	4	4	4	9	8	19	35	7	57	4	39	2	12	5	4
OTU_165	27	44	4	23	8	4	16	1	12	1	21	0	4	7	7	0	1	1	0	0	0	0	94	14	29	5	1	24	66	13	6	7	0	0	31	3
OTU_166	57	6	479	89	646	740	378	934	742	258	292	31	2047	132	9	3	189	70	4	1	0	326	9	17	1458	486	0	1632	728	490	291	4899	1	11	222	324
OTU_167	42	4	22	35	20	8	26	8	33	6	12	0	59	6	5	2	4	10	2	0	2	13	8	4	15	15	2	14	7	33	2	2	0	9	29	2
OTU_168	7	6	19	3	1	1	48	11	7	4	50	4	33	1	13	5	16	19	2	0	6	8	2	3	18	18	0	0	0	0	2	1	0	0	2	8
OTU_169	13	7	4	18	10	0	5	4	5	1	37	2	10	9	1	6	4	1	9	7	5	1	12	3	14	0	13	6	10	1	20	1	7	7	19	1
OTU_17	123	5	934	25	4	0	28	1	223	0	8	1	78	56	27	527	11	1103	295	497	197	6	0	0	133	127	60	207	3	3	95	0	164	2083	83	14
OTU_170	1	0	5	3	2	5	14	9	9	3	37	7	17	30	4	1	9	8	0	0	1	2	0	0	37	16	0	0	21	93	20	138	0	1	2	4
OTU_171	15	11	12	15	14	18	6	15	23	4	13	1	28	9	14	16	3	7	5	10	12	6	8	3	25	14	6	29	6	15	4	3	0	10	6	4
OTU_172	3	1	12	7	9	22	6	14	2	6	1	4	40	4	17	6	4	13	4	4	0	2	3	7	5	4	4	13	3	31	0	47	2	32	4	10
OTU_173	38	0	7	0	19	1	0	0	0	0	0	0	0	2	24	0	0	0	42	0	0	0	0	0	0	0	25	56	0	0	9	0	0	0	7	0
OTU_174	3	1	0	1	2	0	16	0	22	0	11	0	0	0	0	0	2	0	8	0	1	0	13	0	0	0	0	3	12	0	0	0	1	0	23	0
OTU_175	69	11	12	9	22	10	8	32	11	8	4	4	20	8	19	108	7	11	0	27	54	28	1	1	22	20	0	4	14	0	11	30	71	47	45	18
OTU_176	5	4	8	6	24	16	9	18	0	0	9	6	17	8	15	6	5	5	7	6	10	11	3	8	13	2	5	36	12	11	14	38	4	15	0	6
OTU_177	59	0	7	4	34	31	22	52	23	9	14	0	62	3	12	1	1	2	4	6	0	3	0	0	5	3	0	22	16	20	5	9	7	18	49	21
OTU_178	24	4	2	9	1	0	2	5	7	13	25	10	10	22	38	53	11	8	3	26	16	29	14	15	26	11	2	1	22	149	11	89	14	76	62	27
OTU_179	10	21	55	14	80	41	28	37	20	2	17	3	106	76	28	227	15	2	20	36	46	28	4	3	96	52	25	114	39	16	92	28	21	32	6	4
OTU_18	45	2	9	1995	0	0	0	0	165	47	1991	247	0	61	278	484	18	24	0	186	388	257	0	2	7	103	6	16	128	2	49	12	51	113	29	9
OTU_180	18	3	5	14	19	10	11	4	11	0	27	0	16	10	9	2	3	0	2	7	3	2	6	0	0	5	6	18	5	3	9	5	1	5	11	2
OTU_181	8	8	2	4	0	2	2	2	1	0	17	4	18	2	30	0	4	4	2	28	0	1	1	14	15	2	3	1	1	29	4	1	17	142	2	1
OTU_182	10	2	6	9	9	47	2	13	1	4	7	2	16	8	15	8	8	10	1	6	1	3	0	21	16	5	4	16	4	159	8	53	2	10	7	6
OTU_183	12	0	11	0	8	0	0	1	10	19	9	1	1	52	2	0	1	1	0	0	0	5	0	0	7	0	2	8	1	446	25	315	0	1	26	8
OTU_184	13	8	18	21	13	23	16	23	21	32	38	14	50	5	7	0	6	20	0	1	0	7	7	15	4	2	1	18	12	26	2	74	0	12	10	32
OTU_185	17	0	2	0	4	1	5	16	0	0	0	0	15	1	0	0	0	0	0	0	0	2	0	0	20	1	0	14	6	42	0	28	0	0	23	39
OTU_186	58	41	10	2	10	8	16	10	5	4	6	0	45	5	0	2	14	7	0	0	0	1	17	46	3	21	1	15	7	3	6	10	0	2	13	7
OTU_187	3	1	10	10	23	22	15	29	13	4	25	3	21	10	10	15	4	2	5	2	7	7	5	6	14	10	2	8	14	7	12	6	5	4	14	4
OTU_188	10	18	2	2	28	7	8	28	1	0	6	16	1	0	2	0	0	1	1	0	0	3	4	18	3	7	3	3	2	0	5	2	0	1	1	1
OTU_189	6	13	2	15	10	6	12	14	3	8	13	2	27	14	7	5	3	4	0	5	2	4	3	4	6	11	0	14	5	6	2	30	1	32	4	1
OTU_19	453	530	202	277	35	74	95	340	606	35	247	113	239	315	367	634	205	107	776	223	602	566	135	340	450	331	580	177	26	58	465	34	503	320	136	95
OTU_190	28	29	23	19	33	35	53	20	45	23	32	4	69	7	81	5	21	40	33	3	3	7	14	7	65	24	31	24	52	115	4	32	0	13	14	13
OTU_191	22	14	27	79	44	25	11	13	21	14	24	5	26	8	13	0	4	4	0	10	0	2	10	5	15	8	0	52	24	28	8	18	10	13	21	10
OTU_192	1	7	1	7	5	1	7	14	1	0	1	0	30	2	6	34	8	2	3	0	11	7	3	1	4	2	5	0	3	6	2	3	0	5	1	3
OTU_193	4	2	8	7	8	3	11	7	6	5	37	3	18	8	7	3	6	0	5	4	3	4	5	2	10	3	2	6	11	14	8	13	5	10	9	0
OTU_194	0	0	0	0	0	0	4	12	0	0	0	0	2	3	0	0	6	29	0	0	0	0	1	1	10	4	0	0	3	119	9	408	0	0	0	0
OTU_195	28	33	32	16	9	39	2	77	17	13	5	23	34	15	16	20	7	27	7	9	8	31	8	29	14	15	16	11	3	3	8	8	8	11	4	22
OTU_196	15	42	7	11	29	4	2	20	3	4	14	1	10	2	0	0	13	7	0	0	0	1	12	45	16	8	0	11	8	12	2	3	0	0	12	4
OTU_197	0	1	3	5	16	32	4	10	3	1	22	1	9	6	10	2	3	4	2	2	0	5	2	4	7	1	4	11	27	28	3	31	0	5	5	2
OTU_198	11	5	11	9	8	7	7	7	8	9	19	2	17	7	16	12	6	0	6	4	0	6	5	2	8	2	3	15	11	54	3	15	1	18	6	6
OTU_199	11	8	23	39	45	33	26	10	26	9	45	1	34	3	9	16	7	9	3	10	8	10	13	6	5	8	0	32	12	73	14	23	1	31	15	2
OTU_2	1219	4761	643	715	67	35	809	776	1238	12	633	106	2881	1677	1280	3655	3317	1292	3548	365	3451	2372	1180	1412	3266	4018	1434	508	170	269	4914	175	986	847	526	231
OTU_20	73	266	68	46	171	229	135	167	114	95	26	12	314	32	878	165	27	22	245	255	49	155	62	169	415	45	129	359	116	36	56	327	115	1338	33	75
OTU_200	5	3	7	4	3	0	2	10	9	1	4	1	22	17	2	2	0	0	4	5	6	2	0	1	5	2	8	2	2	0	4	2	3	5	0	1
OTU_201	1	0	5	3	0	0	3	0	0	0	0	0	3	8	3	21	0	0	0	0	9	6	0	2	0	0	0	0	0	0	0	0	0	0	1	0
OTU_202	15	4	1	8	29	8	15	6	23	9	11	1	17	2	5	6	1	2	1	2	1	3	8	2	2	1	2	20	9	13	3	8	1	14	17	8
OTU_203	3	0	2	0	13	12	4	11	13	6	7	0	19	7	4	2	12	3	3	2	0	0	2	3	3	7	0	11	3	16	6	19	0	6	9	4
OTU_204	2	1	0	5	9	4	6	7	11	0	10	0	12	1	10	6	1	1	2	3	1	2	1	2	2	2	10	8	5	0	5	0	3	9	0	1
OTU_205	1	12	66	3	134	88	1	3	4	6	8	1	2	0	0	0	2	0	0	0	0	42	97	163	2	0	0	25	9	123	6	99	0	0	0	0
OTU_206	13	6	18	6	13	24	17	36	17	17	48	25	39	16	8	29	13	15	0	1	6	34	3	7	23	8	0	5	20	100	9	77	2	19	6	17
OTU_207	16	32	2	29	20	3	3	2	46	13	24	2	7	4	22	47	19	9	0	17	70	12	12	23	12	7	0	22	14	3	7	4	12	41	12	5
OTU_208	11	10	6	23	16	3	8	26	19	0	25	1	7	3	4	13	5	6	4	7	10	2	3	6	6	8	15	14	8	1	14	2	12	7	17	8
OTU_209	12	4	8	15	3	0	6	1	24	0	5	0	17	3	2	15	2	5	6	5	14	1	1	0	1	5	7	12	3	0	11	0	4	17	6	1
OTU_21	52	1623	509	622	461	157	233	304	871	349	1217	104	335	8	6850	3	75	30	2580	3	2	68	2366	1402	210	121	2202	589	569	263	56	131	8	75	48	44
OTU_210	15	11	7	32	16	13	7	10	3	3	16	2	27	8	23	10	7	2	7	17	2	5	10	3	7	7	13	19	15	36	5	17	1	15	10	2
OTU_211	8	14	14	9	5	0	6	3	6	0	6	4	8	3	6	3	4	10	7	0	0	1	0	0	16	15	6	9	1	0	4	0	0	5	8	2
OTU_212	4	2	1	8	6	13	11	10	1	1	29	0	15	7	12	9	7	0	7	0	3	3	5	3	3	2	9	5	1	34	0	6	0	5	8	1
OTU_213	2	0	1	8	8	1	8	2	6	1	11	0	12	8	16	19	2	0	5	3	4	0	2	4	3	3	24	9	7	3	4	3	3	13	5	1
OTU_214	17	12	9	87	64	83	59	126	34	45	209	16	130	16	127	13	16	14	56	18	7	16	11	19	27	23	61	87	50	149	10	57	3	44	25	18
OTU_215	8	3	1	3	9	5	13	3	9	0	20	0	12	5	4	6	1	1	6	2	4	5	5	1	1	3	5	7	3	15	13	22	1	2	13	1
OTU_216	2	1	2	7	6	9	5	4	1	2	13	0	7	5	11	6	2	4	5	1	0	2	1	1	5	1	11	6	8	23	4	20	0	4	2	0
OTU_217	8	1	6	1	7	6	2	7	13	4	8	2	10	5	13	12	3	0	3	7	4	4	4	2	3	3	4	5	15	32	3	25	7	29	6	4
OTU_218	4	11	0	7	30	22	33	20	3	2	18	0	40	1	15	29	1	2	7	11	14	11	24	9	1	1	2	63	5	3	0	2	9	42	5	5
OTU_219	3	0	0	0	0	0	1	2	16	2	11	3	2	3	0	0	0	0	0	0	0	0	0	0	1	0	2	0	0	5	2	0	0	0	7	0
OTU_22	291	281	469	156	44	4	122	149	1042	4	190	58	167	160	294	875	255	670	563	105	1081	436	62	68	450	356	379	293	63	58	447	16	304	639	200	92
OTU_220	10	1	2	15	26	40	17	16	12	6	25	2	36	10	57	20	7	6	52	15	10	18	4	9	1	0	42	26	12	21	6	18	3	58	13	2
OTU_221	5	1	1	6	3	6	4	21	0	4	17	16	15	8	38	1	9	16	4	0	0	7	1	16	28	10	2	14	13	2	9	76	0	1	15	25
OTU_222	2	2	0	32	0	2	0	2	1	0	42	11	3	0	22	8	0	0	1	20	2	4	5	1	0	0	0	1	4	8	1	0	21	100	2	1
OTU_223	2	0	14	52	0	0	4	1	2	0	9	6	4	30	5	18	0	1	0	3	0	1	0	0	27	0	0	0	0	4	9	0	0	5	0	0
OTU_224	45	0	12	0	2	1	48	31	5	1	0	0	133	17	0	0	5	4	0	0	0	2	0	0	13	0	1	31	26	26	15	14	0	0	92	36
OTU_225	43	8	20	20	23	21	49	56	30	10	39	6	132	25	55	17	10	8	19	21	3	13	7	15	11	12	18	41	21	37	23	60	1	35	26	19
OTU_226	11	4	12	12	11	10	1	9	13	7	12	1	26	1	20	9	5	4	5	4	5	8	7	19	8	9	9	24	3	17	3	23	0	10	8	4
OTU_227	56	32	11	17	36	24	14	11	6	2	10	6	43	20	30	10	10	8	8	5	21	14	12	27	43	33	12	13	8	13	13	4	7	11	10	14
OTU_228	16	3	11	6	24	21	5	34	20	9	26	1	46	15	37	59	10	23	13	17	16	21	17	9	25	15	19	30	10	99	4	8	20	49	14	6
OTU_229	65	35	40	27	1	9	6	60	23	1	6	15	91	23	33	32	7	51	9	23	5	12	7	12	51	27	26	29	2	8	14	5	23	29	7	17
OTU_23	571	226	346	140	469	363	194	423	316	309	121	13	818	225	82	16	156	172	0	86	3	62	200	242	250	80	4	510	310	1447	160	678	59	277	441	273
OTU_230	7	2	20	0	11	27	13	28	1	6	26	19	47	6	14	0	5	18	0	2	0	8	2	13	13	5	1	17	17	80	4	118	2	11	2	6
OTU_231	2	3	1	9	2	16	3	7	0	6	20	1	6	7	17	1	3	6	4	3	0	1	1	15	12	18	7	7	6	44	2	31	2	3	0	8
OTU_232	12	6	14	20	22	35	26	18	31	9	29	5	56	21	32	11	11	6	8	17	2	14	11	6	14	8	10	38	14	20	12	59	6	38	20	7
OTU_233	0	0	0	0	0	0	0	0	0	0	3	10	0	0	47	0	0	0	0	2	0	0	2	1	1	0	0	0	0	0	0	0	20	126	0	0
OTU_234	9	2	3	6	3	0	9	3	16	2	17	1	13	0	3	4	1	2	10	4	3	2	2	1	0	0	1	11	4	13	2	2	0	4	20	8
OTU_235	1	3	0	1	3	3	5	6	4	2	0	0	26	2	3	13	3	0	1	6	0	2	4	5	2	3	2	1	1	5	4	1	1	18	1	5
OTU_236	1	0	5	0	20	1	15	6	654	196	1	0	2	14	1	0	0	1	0	0	0	3	0	1	16	0	1	44	2	30	14	12	0	0	3	0
OTU_237	11	12	6	24	10	9	4	9	8	6	10	3	39	9	32	32	5	4	8	13	1	3	10	3	8	0	38	14	12	33	3	32	0	15	5	3
OTU_238	12	39	9	12	16	12	17	7	26	8	12	2	31	1	43	0	0	0	5	0	0	1	15	12	2	10	2	3	0	35	1	3	0	0	3	1
OTU_239	7	3	1	12	15	10	11	6	2	4	11	0	11	5	7	1	2	1	4	0	1	0	0	1	3	3	1	6	4	13	6	18	2	8	8	3
OTU_24	779	453	349	372	300	127	237	294	162	58	286	182	1206	231	252	111	185	185	91	68	94	174	102	198	1019	422	258	280	293	119	246	44	31	99	273	157
OTU_240	1	9	2	6	4	5	6	1	7	0	31	6	21	2	5	2	12	5	8	1	1	2	10	3	8	2	2	2	1	21	0	1	1	4	11	6
OTU_241	12	28	3	2	7	5	1	4	26	29	13	3	3	5	178	28	15	18	55	40	19	19	31	37	20	3	23	11	5	62	17	70	23	163	17	7
OTU_242	60	16	0	1	57	38	0	0	6	1	0	1	0	3	1	0	1	3	0	0	0	0	0	0	9	33	0	13	3	2	0	0	0	1	4	6
OTU_243	5	5	8	21	10	3	20	19	9	1	17	0	32	5	22	17	4	0	3	3	3	7	3	2	2	4	11	15	5	26	7	11	2	18	11	2
OTU_244	2	5	3	3	5	7	12	23	18	19	3	6	13	4	3	13	0	5	1	3	17	23	6	10	9	0	0	11	18	0	16	24	1	19	2	6
OTU_245	95	31	56	30	9	22	8	123	32	5	33	11	218	133	31	43	4	9	13	62	8	22	15	15	46	39	43	32	9	8	35	4	23	18	21	18
OTU_246	3	3	1	3	1	1	1	17	3	2	1	0	4	0	7	12	0	0	0	3	3	3	1	3	5	8	3	5	4	8	2	11	3	14	1	1
OTU_247	4	6	0	14	6	7	1	2	5	2	5	14	2	0	0	0	0	1	0	0	0	0	0	5	3	0	0	19	15	18	0	0	0	0	7	3
OTU_248	0	0	0	0	4	0	2	0	3	0	5	0	2	3	0	1	2	0	0	0	3	0	1	0	0	0	2	2	11	0	2	0	0	1	0	0
OTU_249	6	0	1	7	16	13	7	7	3	4	10	4	20	7	17	2	8	2	2	1	1	1	6	2	4	2	2	19	7	26	2	15	2	14	4	3
OTU_25	289	424	189	65	32	73	3	63	126	11	57	96	459	188	371	272	124	537	129	136	152	184	55	345	737	221	213	139	32	60	137	36	131	349	68	110
OTU_250	4	9	4	6	5	2	2	0	1	0	2	0	7	2	2	11	4	4	2	2	1	1	0	0	5	4	6	2	2	0	2	0	0	1	0	0
OTU_251	4	1	4	5	6	3	5	3	0	0	9	0	13	2	3	4	2	2	0	4	1	0	3	0	2	1	0	7	4	8	1	1	3	12	11	2
OTU_252	0	0	4	13	0	0	7	7	0	0	1	0	48	1	91	2	0	0	22	3	0	7	0	0	0	0	3	0	0	9	3	24	1	2	0	0
OTU_253	7	0	4	14	18	6	4	20	6	5	2	1	13	11	0	0	4	11	1	0	0	6	0	7	40	13	4	2	20	47	7	11	0	0	3	8
OTU_254	4	0	2	11	12	2	14	6	7	0	9	1	9	0	0	0	6	11	0	0	0	2	0	1	30	41	0	9	5	0	1	22	13	12	4	1
OTU_255	2	3	0	7	3	3	1	6	1	2	23	2	9	2	14	9	1	4	4	12	9	9	4	7	7	3	7	7	3	16	0	7	3	31	3	2
OTU_256	2	0	2	8	11	5	28	6	12	3	28	0	15	5	8	4	5	1	6	2	7	2	2	1	5	2	1	8	5	2	3	4	2	14	8	0
OTU_257	8	8	2	6	20	6	6	3	4	1	3	0	21	10	24	14	5	0	3	6	2	5	5	6	16	5	9	29	5	11	10	11	4	27	7	0
OTU_258	1	1	8	5	5	10	1	9	4	2	15	3	24	9	1	1	3	0	3	3	1	2	5	3	7	2	0	10	2	11	6	5	1	16	4	2
OTU_259	8	1	0	0	2	6	8	8	0	5	12	2	4	9	2	0	0	0	1	1	0	2	1	0	4	3	1	5	5	17	1	3	0	2	2	0
OTU_26	551	1202	382	357	61	58	117	319	613	22	349	64	439	303	364	327	262	208	586	239	177	130	125	399	655	448	411	131	28	58	509	26	763	560	146	48
OTU_260	48	13	47	12	2	0	3	10	23	1	4	4	80	38	6	42	2	50	9	30	8	4	5	2	40	19	42	41	2	1	6	1	9	34	4	4
OTU_261	1	1	6	1	15	48	1	10	7	2	2	1	8	0	5	1	1	3	2	0	1	0	2	7	1	0	4	28	9	41	3	21	0	0	1	4
OTU_262	46	12	10	51	98	30	18	18	56	9	70	7	2	0	2	0	24	16	6	0	0	8	9	2	14	16	0	9	26	3	15	8	1	1	50	40
OTU_263	18	11	3	6	2	4	6	7	40	31	7	5	2	6	20	14	4	14	23	13	15	15	30	17	5	7	46	1	17	49	4	12	4	56	16	2
OTU_264	5	8	4	7	1	2	1	0	0	0	1	1	6	2	4	2	1	1	2	4	1	0	0	0	7	4	5	4	0	1	3	0	1	4	0	1
OTU_265	42	24	20	8	0	0	4	1	39	0	3	0	49	14	4	36	1	1	9	11	17	0	3	0	7	9	63	21	1	1	8	0	5	4	1	0
OTU_266	2	0	2	2	7	0	7	0	9	3	12	0	9	3	1	0	3	0	3	1	1	1	3	0	0	0	0	7	5	3	5	0	3	6	11	0
OTU_267	11	41	25	138	24	94	15	66	13	29	71	28	82	15	66	55	12	12	7	57	10	100	14	95	41	18	10	72	13	100	3	67	18	78	11	13
OTU_268	1	2	8	10	1	7	3	11	0	4	5	1	6	1	35	22	0	0	14	2	6	8	0	0	5	2	11	4	1	0	0	5	0	2	2	2
OTU_269	1	0	21	5	2	2	0	1	0	1	5	6	0	0	0	0	1	7	0	0	0	3	0	0	7	0	0	0	3	96	0	0	0	0	4	1
OTU_27	1	0	46	852	0	0	0	1	378	0	406	8	2	0	225	633	0	0	0	107	833	703	1	0	0	0	1	1	25	0	1	1	215	691	1	0
OTU_270	9	0	5	2	14	23	1	1	0	0	8	2	3	0	0	0	0	2	0	0	0	0	0	2	0	0	0	0	1	47	0	0	0	0	7	0
OTU_271	13	2	1	4	9	2	8	6	3	1	6	0	13	3	1	4	2	1	2	3	3	0	4	0	4	3	1	2	8	6	2	0	1	1	14	2
OTU_272	6	2	5	4	4	8	9	8	3	1	5	1	45	1	19	7	2	0	0	1	1	1	1	3	7	2	6	6	7	16	0	21	1	1	2	1
OTU_273	5	8	2	3	23	31	6	0	0	0	8	3	6	5	3	4	2	0	1	1	2	2	5	4	5	3	2	25	4	12	0	2	2	5	3	3
OTU_274	2	3	2	13	1	3	1	4	1	2	8	5	3	3	9	7	0	0	0	2	0	1	2	7	3	0	2	7	2	1	2	3	0	7	3	4
OTU_275	2	2	2	4	1	3	2	8	16	7	5	1	5	7	16	3	0	0	4	12	3	13	0	1	1	3	1	8	1	6	17	14	10	79	2	4
OTU_276	5	3	57	13	1	0	1	53	17	37	10	4	3	2	89	33	8	15	34	12	32	128	6	38	17	13	2	6	4	37	8	6	3	7	2	37
OTU_277	19	0	16	40	37	177	13	243	35	118	68	72	17	7	98	10	15	19	3	17	5	75	0	0	27	8	10	16	67	141	13	88	4	14	15	83
OTU_278	8	0	7	8	4	1	2	1	9	0	0	1	4	1	6	14	1	4	3	4	3	3	0	0	7	7	2	3	2	1	6	0	5	10	4	1
OTU_279	0	1	14	0	24	9	0	0	0	0	0	0	0	17	8	6	0	0	0	15	0	5	0	0	10	0	10	18	0	0	11	1	10	13	0	1
OTU_28	958	122	521	443	248	398	568	475	194	70	519	70	1117	163	445	62	198	100	387	145	18	61	169	85	512	223	793	521	413	886	72	348	27	168	831	217
OTU_280	0	1	1	34	9	37	7	15	0	2	1	0	36	1	8	80	2	1	0	12	6	11	0	0	27	0	0	2	19	2	2	3	11	9	0	0
OTU_281	5	0	22	4	4	3	1	8	11	6	3	0	24	6	11	4	1	5	1	2	2	7	0	1	11	3	5	10	8	48	6	34	0	7	7	6
OTU_282	6	2	0	3	8	0	5	2	2	0	5	1	14	5	1	4	0	0	2	4	0	0	2	0	0	0	2	5	3	2	2	1	0	4	3	0
OTU_283	2	1	4	2	8	2	5	2	3	1	2	1	12	3	3	1	4	3	1	0	2	1	6	0	3	7	0	10	3	23	7	7	1	4	5	3
OTU_284	4	0	7	6	4	2	4	4	2	3	4	0	13	0	1	1	0	0	0	0	0	0	1	1	3	0	0	4	6	4	0	4	0	2	4	0
OTU_285	17	5	1	7	14	2	1	1	9	5	2	0	4	1	0	8	1	0	0	0	3	1	1	0	4	1	2	6	12	0	1	0	0	0	12	2
OTU_286	13	0	5	0	0	0	2	11	4	4	0	0	11	0	9	2	0	0	1	6	1	9	1	2	15	1	0	11	11	16	1	45	3	45	12	24
OTU_287	10	12	1	1	30	3	0	2	24	0	1	1	1	2	0	0	0	1	1	0	0	0	6	2	25	3	4	13	2	0	6	0	0	0	23	6
OTU_288	3	0	3	2	4	1	3	7	4	3	6	0	6	0	8	4	1	3	3	5	3	1	1	0	2	2	4	3	4	1	1	0	1	7	2	0
OTU_289	15	1	0	7	3	4	6	6	17	10	4	0	7	0	5	1	2	1	12	0	0	3	12	1	2	1	1	6	17	8	1	1	0	4	16	5
OTU_29	1209	901	819	283	51	43	46	554	289	47	168	175	2280	1217	439	617	62	118	321	270	61	335	226	389	542	617	666	1120	27	66	364	64	193	117	55	84
OTU_290	1	0	0	0	0	1	0	0	1	5	3	1	7	2	6	1	0	0	1	1	1	2	0	3	0	0	0	2	0	7	0	9	0	0	1	2
OTU_291	1	3	0	2	2	3	0	1	3	1	3	0	6	3	2	0	0	0	1	1	0	1	2	0	1	0	0	1	6	4	0	3	0	7	1	0
OTU_292	0	1	0	0	4	0	2	0	1	0	1	0	4	0	4	1	4	0	1	0	0	0	5	0	0	0	1	0	1	2	0	2	0	1	1	0
OTU_293	0	7	1	5	5	5	5	2	0	0	15	2	9	9	6	18	0	0	5	1	2	1	12	7	3	1	4	2	0	39	3	5	0	6	2	0
OTU_294	2	0	8	2	21	33	0	0	238	128	0	0	0	1	0	0	0	0	2	0	0	1	0	0	5	1	0	22	14	0	0	0	0	0	7	0
OTU_295	0	3	7	10	14	6	11	3	6	4	13	5	14	0	22	4	2	1	5	5	4	1	9	1	2	1	6	10	7	12	3	1	3	13	4	0
OTU_296	7	8	8	10	2	2	1	0	0	0	2	0	13	0	2	3	0	1	0	3	0	0	0	0	4	4	3	18	0	0	1	0	0	0	2	0
OTU_297	36	6	19	32	54	20	51	20	64	17	48	1	85	13	19	6	8	2	16	14	5	10	11	7	10	19	8	76	41	46	25	39	3	27	70	6
OTU_298	0	0	11	0	0	0	0	0	1	0	0	0	0	0	0	0	26	8	0	0	0	1	0	0	0	22	0	0	0	2	0	0	0	0	0	0
OTU_299	19	0	8	1	4	0	2	2	21	10	1	0	5	1	0	0	4	1	0	0	0	1	0	1	1	0	0	1	7	24	3	7	0	0	29	9
OTU_3	3352	4374	5508	2592	16	4	131	1	41	1	54	19	2107	2059	255	1467	31	1	293	1070	33	20	10	0	208	2108	5440	3670	6	1	200	2	600	185	107	1
OTU_30	122	125	35	82	181	131	194	61	27	21	114	12	50	94	104	34	46	91	38	11	32	34	21	146	178	68	61	74	76	321	141	108	24	76	167	162
OTU_300	7	1	5	32	6	41	8	12	1	2	17	4	36	5	51	11	2	3	9	10	2	5	2	3	6	1	7	7	9	138	7	17	5	12	0	8
OTU_301	3	1	3	2	1	0	3	0	2	0	3	0	4	0	2	0	2	0	1	4	1	1	0	0	2	0	7	11	0	0	0	1	0	11	3	0
OTU_302	2	0	0	6	4	22	6	35	0	0	7	2	7	5	83	7	1	0	17	2	6	7	0	1	6	1	0	9	3	20	0	13	7	8	5	6
OTU_303	3	7	1	4	0	2	13	1	4	0	11	1	8	0	5	4	3	2	0	2	2	0	10	2	1	2	0	1	4	0	3	1	1	6	5	0
OTU_304	26	10	8	32	17	4	14	6	14	0	20	1	42	7	6	0	0	1	7	6	0	0	8	3	1	2	13	30	6	11	4	5	1	10	5	2
OTU_305	2	17	0	3	17	3	2	0	0	0	2	0	9	1	6	13	0	0	1	0	1	1	2	6	1	1	3	9	3	0	2	0	0	2	1	0
OTU_306	11	1	6	2	7	28	23	24	6	6	9	3	23	5	2	0	8	15	0	0	0	3	9	14	6	3	1	18	25	139	9	22	0	2	17	3
OTU_307	7	1	9	10	16	23	7	3	17	3	13	3	8	1	18	4	2	1	4	4	4	4	4	3	10	0	5	16	7	43	10	48	0	4	6	2
OTU_308	1	0	1	1	1	0	1	0	4	0	8	0	0	2	0	1	2	0	1	0	0	0	2	0	0	0	0	1	0	0	0	0	0	0	2	0
OTU_309	13	4	7	17	8	8	15	10	12	7	26	3	35	10	28	16	9	1	21	17	6	4	8	1	9	3	11	21	10	28	7	17	1	21	16	6
OTU_31	91	0	555	0	1464	661	884	532	66	70	1	0	1682	55	0	2	4	1	0	0	0	35	0	1	68	9	0	1866	132	0	121	16	0	0	144	26
OTU_310	5	1	4	4	7	5	2	6	4	0	2	0	11	5	2	2	3	1	2	3	0	4	2	2	6	2	1	7	3	17	1	6	0	2	3	6
OTU_311	1	2	1	0	5	5	15	18	3	0	4	0	76	1	4	0	0	0	4	0	0	0	1	0	0	1	3	10	0	0	0	0	0	9	0	1
OTU_312	6	4	5	3	7	35	6	10	4	5	4	1	39	3	1	4	4	17	4	0	2	2	3	1	7	7	1	4	0	29	0	2	0	0	4	5
OTU_313	12	3	7	3	8	15	11	12	7	2	9	0	29	12	19	4	1	5	7	3	1	1	6	3	7	9	15	15	7	30	2	28	0	11	6	3
OTU_314	0	0	0	3	0	0	0	2	1	1	7	6	0	0	15	0	0	0	8	1	0	0	3	11	0	3	2	0	0	1	1	1	0	2	0	3
OTU_315	3	0	0	0	2	0	5	0	0	0	7	0	1	0	0	0	4	0	1	0	0	0	0	1	0	1	3	1	1	1	0	0	0	1	1	1
OTU_316	5	2	0	5	3	2	0	3	0	0	0	0	6	0	10	0	1	2	4	2	0	0	0	0	8	0	2	9	1	0	6	0	2	8	0	0
OTU_317	0	0	1	0	0	0	2	1	0	1	4	0	1	0	0	0	1	0	3	0	1	0	0	0	0	0	1	1	2	1	0	0	1	5	0	0
OTU_318	0	4	0	2	0	0	2	0	0	0	6	0	1	0	0	2	0	0	0	0	4	0	1	0	0	0	0	0	3	0	0	0	0	0	1	0
OTU_319	11	6	6	17	15	20	11	12	13	2	17	4	37	9	26	9	7	4	2	6	5	6	8	9	11	5	13	27	7	34	8	22	4	26	8	3
OTU_32	0	3	2	556	0	1	0	0	0	0	194	78	1	0	1104	3602	0	0	0	925	477	670	0	0	1	2	0	0	0	0	0	0	1167	6604	1	0
OTU_320	3	4	3	30	3	3	9	10	3	4	13	7	23	3	56	3	3	0	9	1	0	4	4	3	7	2	54	25	8	18	4	15	0	3	1	3
OTU_321	3	1	2	2	3	0	3	0	2	0	0	0	7	0	1	2	2	0	0	0	0	0	1	0	1	0	0	6	2	1	0	0	0	4	0	0
OTU_322	3	3	3	3	9	1	6	7	80	7	1	0	8	10	0	3	2	3	0	1	5	2	0	10	20	6	0	17	13	3	3	2	0	0	12	5
OTU_323	1	0	2	4	4	3	4	1	5	1	10	2	6	1	2	0	5	5	1	2	0	1	1	1	5	2	0	5	2	4	1	6	0	6	4	1
OTU_324	13	2	1	5	3	1	8	1	1	0	4	0	14	2	0	1	1	0	0	0	1	3	1	0	6	1	0	3	6	28	1	1	0	0	18	0
OTU_325	2	0	0	1	2	4	1	2	2	2	5	1	1	1	3	0	1	0	3	0	0	0	1	0	1	1	0	12	5	8	1	7	0	2	2	1
OTU_326	2	8	14	22	3	1	6	0	8	0	64	25	31	42	36	0	1	0	59	0	0	1	3	9	2	0	30	5	2	0	0	0	1	15	2	1
OTU_327	0	3	0	1	0	0	2	0	0	0	1	0	1	0	7	0	1	0	6	0	0	0	1	0	0	0	1	0	1	0	0	4	0	0	0	0
OTU_328	2	0	0	0	0	0	0	1	0	1	2	0	6	5	4	0	0	0	0	4	0	1	0	5	3	3	1	3	1	1	0	4	0	2	2	2
OTU_329	3	0	3	7	1	6	13	11	4	8	11	6	15	9	12	9	1	2	0	29	8	24	1	0	7	0	0	18	24	17	8	0	1	2	1	5
OTU_33	295	286	126	219	207	137	88	320	68	90	314	197	154	136	73	57	58	88	14	52	20	95	88	333	116	114	70	181	130	100	120	70	10	53	119	61
OTU_330	3	0	3	3	6	1	0	0	5	1	10	0	0	2	0	2	0	0	4	0	2	1	0	0	1	0	1	5	1	4	6	7	0	4	16	3
OTU_331	2	4	1	6	2	6	0	2	2	1	12	2	4	0	8	1	6	0	3	0	0	0	3	1	0	0	5	2	3	7	0	3	2	5	6	0
OTU_332	4	0	2	3	4	2	3	3	2	0	12	1	9	0	4	2	3	1	2	6	1	3	2	3	1	0	1	2	7	5	4	1	2	14	5	4
OTU_333	3	5	4	10	3	0	5	1	2	0	9	0	11	3	5	9	4	0	0	7	1	2	3	1	1	1	3	3	0	1	2	3	3	4	1	0
OTU_334	0	0	0	2	1	0	1	0	1	0	0	0	5	0	4	0	0	0	0	0	0	2	0	0	0	1	4	1	0	4	0	2	0	0	0	1
OTU_335	5	3	3	2	3	2	4	6	3	1	5	1	16	2	12	1	1	1	5	3	0	1	1	1	5	4	3	5	2	6	0	10	0	6	1	2
OTU_336	26	42	29	15	0	0	0	3	3	0	0	0	7	5	4	11	0	0	0	14	2	4	0	0	1	4	18	12	0	0	2	0	0	0	2	1
OTU_337	2	0	0	1	1	0	0	0	2	0	4	0	0	4	0	0	1	0	0	0	0	0	2	0	0	2	0	1	1	0	1	0	0	0	0	0
OTU_338	0	0	1	4	0	0	17	11	0	0	4	0	13	23	170	39	7	13	41	7	2	0	0	0	12	0	6	1	2	1	1	7	6	13	0	0
OTU_339	0	1	4	13	0	4	26	15	4	2	24	1	26	9	7	13	2	1	0	3	2	1	2	4	6	3	5	1	1	1	2	74	2	12	1	1
OTU_34	363	7	77	46	340	60	184	64	282	38	194	12	22	48	32	8	123	36	4	42	4	8	7	13	154	140	6	48	57	61	23	10	79	132	256	197
OTU_340	5	0	0	0	1	1	7	5	1	0	2	4	4	3	3	1	4	2	2	3	0	3	0	4	5	2	0	0	1	22	0	6	0	6	2	2
OTU_341	0	2	1	0	3	5	4	2	1	1	12	1	10	1	7	4	3	7	0	1	1	5	0	0	0	1	2	5	2	6	3	14	1	10	1	2
OTU_342	4	0	1	2	8	1	9	10	9	7	12	0	6	0	0	1	2	2	1	1	1	1	0	0	1	1	0	9	6	21	0	6	1	9	15	6
OTU_343	10	2	2	8	5	4	6	1	0	2	6	0	11	4	7	2	0	2	5	1	1	4	3	0	2	3	4	12	7	5	4	9	0	9	5	2
OTU_344	0	1	0	1	11	0	3	0	2	0	8	0	1	0	1	0	0	0	2	0	0	1	1	0	0	0	1	0	1	0	1	1	0	0	7	1
OTU_345	4	0	0	0	0	0	1	0	4	0	4	0	0	1	1	0	0	0	4	0	0	0	1	0	0	0	0	0	0	1	0	0	0	0	0	0
OTU_346	1	1	1	1	0	2	3	3	1	2	0	0	6	0	1	2	0	0	0	1	0	2	1	0	0	0	2	0	1	14	0	0	0	2	1	2
OTU_347	0	0	0	3	1	0	4	0	0	0	2	0	1	0	0	0	0	0	2	1	0	0	0	0	0	0	0	1	6	0	0	0	0	0	0	0
OTU_348	27	8	1	56	2	0	10	5	6	3	126	3	7	4	9	0	14	14	37	0	0	0	10	8	3	7	21	0	1	18	3	0	0	0	25	4
OTU_349	0	0	0	2	0	0	0	2	1	0	5	1	0	1	4	0	0	0	5	4	0	0	0	0	2	0	2	1	3	1	0	2	0	7	0	0
OTU_35	156	93	187	292	18	5	243	250	203	5	60	10	787	51	70	55	19	67	233	180	124	34	25	16	54	47	299	305	14	3	331	10	177	417	43	7
OTU_350	0	0	1	2	0	0	0	0	0	0	0	0	0	2	0	2	0	0	0	1	0	0	0	0	0	1	2	1	0	0	7	0	0	0	0	0
OTU_351	3	2	3	3	1	1	0	0	2	0	5	0	5	0	0	1	1	0	3	0	0	1	1	0	2	0	2	6	0	0	3	0	0	6	0	0
OTU_352	0	0	1	0	4	0	4	0	0	0	1	0	2	0	1	0	2	0	0	0	0	0	1	0	0	0	0	0	3	1	0	2	0	1	7	0
OTU_353	3	0	2	3	1	1	0	0	1	1	4	0	4	3	4	1	1	0	1	0	3	1	0	4	1	0	2	8	1	2	0	4	0	1	1	0
OTU_354	7	2	4	1	2	9	1	5	2	1	3	0	6	0	6	1	0	0	2	4	0	1	1	1	2	2	2	3	1	12	0	10	0	1	1	5
OTU_355	5	1	0	2	6	2	2	4	2	1	7	1	5	1	5	4	0	0	3	2	1	0	5	0	3	0	1	4	0	16	1	7	1	5	3	0
OTU_356	10	0	4	3	1	8	2	8	2	0	1	1	57	1	23	5	5	14	9	0	0	1	1	2	12	0	6	2	4	8	0	2	1	1	0	1
OTU_357	1	0	0	0	2	0	2	0	2	0	1	0	1	0	3	2	1	0	0	0	0	0	1	0	0	0	1	0	0	1	0	0	0	0	0	0
OTU_358	0	0	1	1	3	0	2	3	0	1	1	0	2	0	3	4	1	0	1	3	0	2	0	1	0	0	0	1	0	1	1	4	1	6	0	0
OTU_359	0	0	1	8	0	1	1	4	2	2	3	0	1	0	0	1	1	0	0	0	1	1	0	3	2	2	0	1	1	4	0	1	0	3	1	0
OTU_36	1012	699	867	248	27	49	38	609	217	39	48	104	1856	712	384	335	42	388	168	451	25	167	51	288	530	577	543	535	12	43	145	33	166	278	46	86
OTU_360	1	1	0	1	0	0	0	0	2	0	0	0	2	3	2	2	0	0	0	0	1	0	0	0	0	0	1	0	0	1	0	0	0	0	0	0
OTU_361	0	0	0	0	1	1	0	0	0	0	1	1	3	4	6	0	0	0	0	7	0	1	0	0	0	0	1	1	0	0	1	0	1	5	0	0
OTU_362	0	0	2	1	0	7	2	2	4	0	0	1	1	5	3	3	0	2	0	2	0	3	4	3	3	2	0	1	8	2	0	6	0	4	4	1
OTU_363	1	1	3	3	1	7	1	1	6	3	2	0	9	3	1	0	1	10	0	2	0	0	2	1	4	1	0	3	5	13	2	4	0	5	0	1
OTU_364	0	0	1	4	0	1	1	6	0	0	4	0	3	0	9	0	2	2	0	8	0	0	0	0	0	1	0	0	0	3	0	5	1	8	0	1
OTU_365	12	6	1	0	0	0	1	6	1	1	0	1	1	0	0	0	0	0	0	1	0	0	2	3	2	0	0	0	0	1	3	0	0	0	6	4
OTU_366	32	22	257	6	6	0	0	8	9	0	0	1	48	23	16	137	5	110	4	91	13	15	4	3	99	45	103	73	4	3	8	0	41	165	1	4
OTU_367	0	0	4	9	1	2	1	2	4	1	5	5	0	0	44	1	5	2	16	1	0	3	1	0	6	2	5	1	0	31	0	3	0	2	0	1
OTU_368	1	0	0	1	0	1	0	5	0	1	3	0	0	0	0	0	3	0	1	0	0	1	1	1	0	0	2	4	1	2	0	0	1	5	2	2
OTU_369	3	0	0	0	0	0	0	1	1	0	0	1	1	2	0	1	0	0	0	0	0	0	0	0	3	0	1	0	0	2	0	2	0	0	0	1
OTU_37	81	127	107	725	566	319	466	288	38	16	927	76	723	39	1237	2	36	10	384	66	1	16	224	102	133	38	747	362	128	617	64	130	37	162	152	43
OTU_370	4	0	1	4	4	5	3	2	2	0	3	0	8	0	5	0	0	0	3	0	0	0	2	0	0	0	3	5	6	3	0	1	0	0	2	0
OTU_371	3	3	4	10	10	4	9	10	12	0	7	1	13	3	5	5	5	1	2	2	2	1	5	5	2	3	1	11	6	0	10	0	1	8	10	1
OTU_372	6	1	2	3	3	1	3	3	7	0	5	0	9	2	3	0	3	0	2	0	0	0	2	0	3	2	7	19	6	5	3	1	2	3	1	0
OTU_373	1	0	2	7	0	0	4	0	2	0	4	0	3	0	1	1	1	0	0	0	0	2	0	0	0	0	0	5	0	0	1	0	0	8	5	1
OTU_374	105	97	51	67	44	57	54	78	70	28	60	18	130	47	71	81	24	31	57	42	63	49	19	42	81	51	50	66	39	63	105	80	43	94	45	38
OTU_375	0	1	2	3	1	3	2	1	1	1	1	0	4	0	2	3	0	0	0	2	3	4	0	1	1	1	1	0	5	3	1	0	1	0	2	2
OTU_376	0	0	1	1	2	0	2	1	1	0	3	0	3	1	3	7	1	0	0	0	7	4	0	0	5	0	0	4	1	5	0	3	0	2	0	2
OTU_377	0	4	0	2	0	0	1	0	0	2	2	0	0	0	0	0	0	0	0	0	0	1	0	0	0	0	0	0	2	0	0	0	0	0	2	0
OTU_378	57	19	15	31	40	7	32	22	50	4	49	4	21	40	18	31	20	12	31	16	27	10	15	13	32	43	17	26	16	4	37	5	9	6	39	10
OTU_379	1	0	0	0	0	2	0	1	0	0	1	0	0	0	3	0	1	1	0	1	0	1	0	1	4	1	2	1	0	2	0	2	2	7	0	0
OTU_38	305	3	35	393	22	7	138	76	927	1876	381	95	54	34	19	0	3	16	33	0	0	42	13	21	488	20	410	402	8	3159	133	52	2	9	550	86
OTU_380	0	0	2	1	0	0	0	2	0	0	1	0	2	1	1	0	0	0	0	0	0	1	0	2	0	0	2	0	0	0	0	0	0	1	0	0
OTU_381	6	1	0	4	2	1	7	6	14	3	17	1	5	3	7	1	4	2	8	1	1	1	4	0	3	3	5	6	3	12	9	1	0	2	3	0
OTU_382	0	0	0	0	1	0	0	0	0	0	5	0	1	0	1	0	1	0	0	0	2	0	0	0	0	0	0	0	0	0	1	1	0	2	0	0
OTU_383	5	1	0	5	4	2	3	0	9	2	8	0	6	5	4	6	3	2	1	1	4	1	4	0	0	0	3	2	4	8	2	2	0	13	16	2
OTU_384	5	7	7	8	1	2	6	8	0	1	1	2	33	7	14	4	3	10	4	7	2	1	0	3	5	0	11	6	6	16	2	15	1	7	4	3
OTU_385	2	0	2	5	0	3	6	5	6	4	10	0	9	2	5	11	1	0	8	1	4	12	1	1	3	2	3	6	3	4	3	10	1	10	1	1
OTU_386	7	1	5	0	5	3	1	0	0	0	0	0	3	1	0	0	0	1	0	0	0	1	0	0	10	0	0	0	0	0	0	0	0	0	0	0
OTU_387	0	0	0	0	0	0	0	0	1	0	2	0	0	3	0	0	0	0	0	1	0	0	0	0	0	1	0	0	1	0	4	0	0	0	1	0
OTU_388	0	0	1	2	1	1	0	0	1	0	1	1	4	0	2	1	0	0	1	1	0	1	0	2	1	2	2	5	0	3	0	1	0	2	0	0
OTU_389	15	11	15	6	1	0	1	6	3	1	2	1	42	13	9	7	0	6	1	6	0	2	1	5	5	8	8	10	0	0	6	2	4	6	0	3
OTU_39	340	2	321	277	285	1054	0	5	20	21	518	225	221	312	438	95	156	532	12	55	12	460	21	82	1459	178	3	43	139	2718	3	53	39	169	2	1
OTU_390	14	9	12	3	0	3	1	7	7	0	4	4	39	1	10	8	4	25	1	7	2	6	4	1	15	6	5	4	1	2	2	1	4	10	1	2
OTU_391	6	1	2	2	1	1	1	11	1	1	5	0	5	2	1	1	0	0	0	0	0	0	0	0	1	2	0	1	0	3	1	19	0	6	3	1
OTU_392	18	1	12	19	6	3	19	2	14	13	1	0	37	2	6	1	6	5	0	0	1	4	5	2	3	2	1	11	2	21	3	3	0	7	12	1
OTU_393	0	0	1	3	3	2	2	1	69	1	6	0	1	0	0	0	0	1	0	0	1	0	0	0	1	0	0	1	4	0	0	0	0	3	0	0
OTU_394	0	1	0	2	0	0	0	1	0	0	2	2	8	0	4	0	0	0	0	0	0	0	0	2	1	2	1	0	3	3	0	0	0	1	0	0
OTU_395	6	3	1	2	6	15	0	3	5	13	5	0	10	2	5	2	1	2	2	1	0	6	1	4	1	0	0	6	2	8	1	3	1	9	3	2
OTU_396	3	10	2	4	1	7	0	1	3	2	16	2	0	5	3	2	3	3	3	1	7	3	3	11	6	6	3	9	0	33	1	10	10	42	3	1
OTU_397	2	0	0	4	3	1	7	1	1	0	0	0	9	0	3	1	0	1	1	2	0	0	0	0	1	0	8	13	1	4	1	1	0	4	3	0
OTU_398	3	3	1	1	7	10	2	0	1	1	4	0	7	1	6	7	1	1	2	5	3	0	3	1	2	1	3	3	0	1	1	10	1	5	0	2
OTU_399	2	3	2	9	0	4	1	1	1	0	4	0	3	1	1	3	0	0	2	2	1	2	2	0	1	0	1	6	3	4	3	0	2	1	2	1
OTU_4	49	4	985	3	1262	1448	658	1572	2	0	4	4	4247	228	5	5	417	111	3	2	0	663	0	4	3560	2038	3	3982	910	80	539	10450	0	6	285	382
OTU_40	136	410	2	76	2	2	26	45	114	3	21	4	69	52	148	0	66	65	597	18	0	4	60	111	120	89	452	61	9	13	169	8	39	59	51	29
OTU_400	3	2	3	21	7	0	1	3	12	0	8	1	5	2	3	8	2	0	0	2	3	2	6	0	1	4	7	2	8	0	8	1	2	9	2	1
OTU_401	11	0	1	1	5	0	9	8	12	2	4	0	15	1	1	0	6	6	0	1	0	0	0	0	4	3	0	9	8	23	3	8	0	0	13	2
OTU_402	0	0	0	0	4	0	3	2	0	0	0	0	0	0	1	2	0	0	0	0	0	1	0	0	0	0	0	0	1	0	0	0	0	0	0	0
OTU_403	23	14	8	7	3	4	1	6	11	0	7	10	16	7	3	11	2	9	1	7	10	8	3	1	24	7	5	12	0	2	7	0	2	1	2	5
OTU_404	0	0	5	1	1	0	1	1	3	1	4	0	6	4	0	0	0	3	0	0	0	0	1	2	1	3	0	2	3	6	3	4	0	0	2	4
OTU_405	3	0	3	4	3	4	7	7	4	9	4	0	17	3	1	6	2	0	0	5	0	9	0	3	3	5	1	13	3	5	0	7	0	4	3	2
OTU_406	1	0	0	0	1	1	1	1	2	0	3	0	0	0	1	3	1	0	0	0	1	2	1	0	0	0	0	1	3	0	1	0	0	3	3	0
OTU_407	2	1	2	4	0	0	0	0	0	0	3	0	1	1	0	2	1	1	0	1	0	1	0	1	0	3	0	2	1	0	0	0	0	2	1	0
OTU_408	6	13	8	6	0	0	0	6	12	0	5	1	9	6	5	11	6	21	3	2	8	6	5	10	9	12	6	7	2	2	15	0	1	6	5	1
OTU_409	3	0	2	0	3	0	1	2	0	1	0	0	3	5	1	0	2	1	1	2	0	0	0	1	2	1	0	4	0	1	0	2	2	6	1	0
OTU_41	13	251	21	184	91	64	62	85	155	21	218	9	141	33	134	50	13	10	185	29	11	25	111	91	123	53	195	182	27	397	45	282	50	37	24	12
OTU_410	3	1	5	11	6	5	2	1	2	0	5	0	10	1	0	3	2	1	0	1	0	0	2	0	2	1	2	7	2	6	0	1	0	1	2	2
OTU_411	0	0	0	0	0	0	0	0	0	0	0	0	0	0	1	0	0	0	0	11	0	0	0	0	0	0	0	0	0	0	0	0	2	21	0	0
OTU_412	0	1	0	0	3	0	0	0	0	0	1	0	2	0	0	0	0	0	0	0	1	0	1	0	0	0	0	0	0	0	0	0	0	0	1	0
OTU_413	4	2	0	5	12	13	16	12	7	2	10	0	61	18	19	3	7	14	6	1	0	2	2	3	9	3	3	13	14	110	5	70	1	24	4	2
OTU_414	2	1	2	1	2	0	1	1	2	0	0	0	1	1	0	2	0	2	0	1	0	0	1	0	0	2	0	3	1	0	1	0	0	2	2	0
OTU_415	7	2	4	1	2	1	0	0	3	1	0	0	7	1	0	0	2	1	0	4	0	0	0	0	1	6	1	5	0	0	1	0	0	4	0	0
OTU_416	1	0	0	0	11	18	0	0	0	1	0	0	0	2	2	0	0	0	0	0	0	0	0	7	2	2	1	20	1	14	5	29	0	0	0	0
OTU_417	13	0	1	2	21	67	8	35	7	5	7	3	27	13	2	0	7	4	0	0	0	6	4	5	38	9	2	32	17	13	10	24	0	9	14	17
OTU_418	2	1	0	3	5	2	0	5	4	0	5	4	1	3	2	10	0	0	2	0	4	4	2	4	2	3	2	1	0	0	5	0	1	1	1	0
OTU_419	0	0	0	0	2	0	0	0	5	0	0	0	0	1	0	1	0	0	0	0	0	0	1	0	0	0	0	0	0	0	0	0	0	0	0	0
OTU_42	178	130	294	61	19	6	8	30	58	2	24	25	320	212	90	324	16	246	48	103	43	75	17	16	143	136	153	175	10	6	39	1	56	87	27	11
OTU_420	0	0	0	0	1	0	3	1	3	1	7	0	0	1	3	3	1	0	2	0	1	0	1	0	0	1	1	1	0	3	0	0	0	2	5	0
OTU_421	1	0	4	3	0	3	3	3	0	0	1	0	4	1	0	2	0	0	0	2	0	0	1	1	3	1	0	1	2	12	0	9	0	4	1	1
OTU_422	1	0	0	0	0	0	0	1	1	0	0	0	1	3	0	0	0	0	0	1	0	1	0	0	0	0	0	0	0	1	0	0	0	0	0	0
OTU_423	2	1	9	0	7	11	6	16	0	0	0	0	53	0	0	0	6	0	0	0	0	7	0	0	43	23	0	54	5	1	3	135	0	0	5	5
OTU_424	2	1	0	0	0	0	0	0	0	0	0	0	0	0	0	2	0	0	0	0	0	1	0	0	0	0	0	0	0	0	2	0	0	1	0	0
OTU_425	6	6	6	2	1	0	2	6	21	0	8	0	4	0	6	16	2	11	9	1	21	5	1	0	7	2	4	7	1	1	15	0	8	10	5	0
OTU_426	13	2	2	9	6	4	9	12	4	0	9	0	24	5	28	3	6	9	5	4	1	3	1	0	5	6	27	12	2	23	4	12	0	4	7	5
OTU_427	1	0	0	0	0	0	3	1	0	0	0	0	0	0	0	0	0	0	0	0	0	0	0	0	0	0	0	0	1	1	0	0	1	0	2	0
OTU_428	2	0	0	0	0	0	0	0	5	0	0	0	0	1	1	0	0	0	0	0	0	0	0	0	0	0	0	2	0	0	0	0	0	0	0	0
OTU_429	1	7	0	0	1	1	0	0	0	0	0	0	0	2	4	0	0	1	2	0	9	0	1	3	0	8	8	0	0	0	0	0	0	0	0	0
OTU_43	608	157	66	1	126	4	7	1	155	15	1	1	0	94	10	0	151	90	24	2	0	4	333	127	32	127	135	434	107	422	472	219	0	1	856	98
OTU_430	12	4	5	1	0	2	0	9	3	1	0	1	25	8	3	1	0	0	1	2	1	3	6	3	4	3	7	12	1	3	3	0	1	3	1	0
OTU_431	2	0	0	1	0	0	0	0	1	0	3	0	1	0	2	1	0	1	0	0	0	1	0	0	0	0	0	0	0	3	0	1	0	1	0	0
OTU_432	4	4	1	8	5	4	8	4	0	1	2	0	15	3	5	2	1	5	1	4	0	2	0	2	2	3	2	10	1	7	0	2	0	3	2	3
OTU_433	1	0	1	3	1	2	2	1	1	0	4	0	7	2	1	3	0	0	0	1	0	1	0	0	0	2	0	2	0	0	1	3	0	2	2	0
OTU_434	0	0	0	0	0	0	0	0	0	0	3	0	0	4	0	0	0	0	0	0	0	2	0	0	0	0	0	0	0	0	0	0	0	0	1	0
OTU_435	0	0	3	3	2	2	2	4	4	0	6	0	4	2	3	0	3	0	0	2	1	1	0	1	1	0	0	0	2	5	3	2	0	2	2	1
OTU_436	0	0	0	0	0	0	1	0	0	1	0	0	0	0	2	0	1	0	0	1	0	0	1	0	0	0	0	0	0	0	0	0	0	0	1	0
OTU_437	0	1	0	1	1	0	1	0	0	0	5	0	1	0	3	2	1	0	0	0	1	0	0	1	1	2	5	4	0	1	2	2	0	0	0	1
OTU_438	76	198	50	205	91	49	47	102	38	19	170	110	148	84	297	316	65	91	46	333	55	125	54	112	508	448	74	98	227	130	86	14	66	124	42	28
OTU_439	1	1	0	2	0	1	0	0	0	1	0	0	1	0	2	2	0	0	0	0	2	1	1	0	0	1	0	2	0	8	0	6	0	4	0	1
OTU_44	237	464	73	137	561	166	216	465	90	13	368	36	192	128	171	94	248	68	126	17	133	75	119	71	208	291	149	143	131	177	61	32	19	40	104	82
OTU_440	10	7	2	10	2	5	10	9	8	7	3	2	14	6	10	14	3	1	1	3	5	4	1	4	5	5	2	6	0	23	1	14	0	14	5	10
OTU_441	0	0	2	0	0	1	3	0	0	0	6	1	5	5	3	0	0	0	1	0	0	0	0	0	4	0	0	1	3	3	3	6	0	0	1	1
OTU_442	0	0	2	0	0	0	2	1	0	0	1	0	2	1	22	1	0	0	1	0	0	0	0	0	1	0	1	2	1	5	0	4	0	1	0	0
OTU_443	2	0	1	2	2	3	2	3	0	1	0	1	3	1	2	2	2	4	3	2	0	1	1	3	4	2	1	4	2	4	0	0	0	11	1	2
OTU_444	0	0	1	0	0	0	0	0	2	0	7	0	0	0	0	0	1	0	0	0	1	0	0	0	6	0	0	0	1	0	0	0	0	0	0	0
OTU_445	0	0	0	0	0	0	4	1	17	4	3	1	4	0	0	0	0	0	0	0	0	0	0	0	0	0	0	0	5	5	0	0	0	0	1	0
OTU_446	0	0	0	0	0	0	0	0	0	0	3	0	0	0	0	1	0	0	0	0	4	0	0	0	0	0	0	0	0	0	0	0	0	0	0	0
OTU_447	0	0	0	0	0	1	1	0	0	0	0	0	0	0	0	0	1	0	0	0	0	0	0	0	0	0	0	0	0	0	0	0	0	1	3	0
OTU_448	0	0	0	0	3	1	1	0	1	0	0	0	0	1	0	0	0	1	0	0	0	0	0	0	7	2	0	0	0	0	2	0	0	0	0	0
OTU_449	1	0	0	1	6	0	7	1	4	1	3	0	6	0	1	0	0	0	1	0	0	0	1	0	1	0	0	3	3	0	0	1	0	0	2	4
OTU_45	213	333	150	100	16	2	16	68	145	1	52	35	186	118	181	278	98	112	168	112	62	98	65	58	176	149	224	115	6	23	103	4	92	158	30	40
OTU_450	11	2	6	9	6	11	11	12	9	4	19	3	34	6	23	11	3	0	5	0	1	3	3	4	3	3	15	23	11	37	5	23	2	14	8	4
OTU_451	2	1	1	1	0	3	4	1	3	1	4	0	4	0	0	0	1	0	1	1	0	0	0	0	0	1	0	2	4	1	1	0	0	0	2	0
OTU_452	2	0	2	1	0	1	0	0	3	4	2	0	2	0	0	0	2	0	0	0	0	1	1	0	0	0	1	8	1	1	0	2	0	1	0	1
OTU_453	4	0	3	1	2	1	0	2	3	7	0	0	7	0	0	0	6	21	0	0	0	3	0	0	1	1	0	5	14	30	3	25	0	0	3	8
OTU_454	4	3	0	5	2	0	2	0	0	0	4	0	5	1	6	4	0	0	3	2	0	0	4	2	2	1	4	2	1	5	5	2	0	2	0	1
OTU_455	1	0	3	0	4	1	0	1	0	1	3	0	7	3	1	1	0	0	0	2	0	0	1	0	1	1	1	0	0	2	0	0	0	0	0	0
OTU_456	2	1	0	0	3	1	0	1	0	0	3	1	6	0	0	0	5	10	0	0	0	0	0	0	4	11	0	2	0	4	0	0	0	0	0	0
OTU_457	6	0	0	0	0	3	1	0	0	0	1	0	3	0	2	0	0	1	2	1	0	1	0	0	0	0	1	3	1	0	1	3	0	0	0	0
OTU_458	1	1	2	2	1	0	2	0	7	1	0	0	1	0	0	1	0	0	0	0	3	2	3	0	0	0	3	0	0	1	1	3	0	0	3	0
OTU_459	2	3	0	1	9	7	1	3	3	0	2	1	0	5	3	0	4	0	1	0	0	1	0	0	2	6	0	4	6	0	7	0	0	0	4	1
OTU_46	28	21	54	18	3	10	12	150	9	2	4	23	41	18	249	74	75	637	136	8	1	46	5	50	169	131	45	1	5	13	33	11	22	86	22	40
OTU_460	9	0	4	1	1	0	0	3	1	0	0	1	7	0	2	4	2	3	0	3	0	1	1	0	5	5	2	2	2	0	3	0	0	1	2	0
OTU_461	1	0	0	2	2	0	0	1	2	0	3	0	4	1	1	0	0	0	1	0	0	0	0	0	1	0	0	1	1	0	0	2	1	1	1	1
OTU_462	1	1	3	2	0	0	2	2	4	1	6	0	2	8	0	0	3	2	0	0	0	0	0	0	2	5	2	1	0	5	3	6	0	3	2	0
OTU_463	0	0	0	0	0	0	1	0	2	0	0	0	0	0	0	0	0	1	0	0	0	1	0	0	0	0	0	0	0	0	0	0	0	0	1	0
OTU_464	1	0	0	0	7	1	0	0	1	2	0	0	0	2	0	0	0	0	0	0	0	0	0	0	4	5	0	0	0	1	1	0	0	0	1	1
OTU_465	6	0	1	8	3	8	10	5	8	0	8	1	10	2	7	3	3	0	7	1	4	4	3	0	1	1	3	10	14	7	13	9	2	11	12	0
OTU_466	0	0	1	0	2	0	1	1	0	0	0	0	4	1	1	0	0	0	0	0	0	0	0	0	1	0	2	0	0	0	0	2	2	7	0	0
OTU_467	0	0	0	0	0	0	3	0	0	0	0	0	2	0	0	0	0	0	0	0	0	0	0	0	0	0	0	0	0	0	0	0	0	1	0	0
OTU_468	0	0	4	0	4	6	1	0	5	0	0	0	0	2	1	0	0	0	0	0	0	1	0	0	4	0	0	5	2	0	2	18	0	0	1	1
OTU_469	0	0	0	0	0	0	0	0	0	0	0	0	2	0	0	1	0	0	0	0	0	0	0	0	0	0	0	0	0	0	1	0	0	0	0	1
OTU_47	134	294	56	28	83	8	176	263	51	18	300	204	124	71	158	91	106	101	34	40	18	236	122	169	178	115	22	64	182	127	80	49	16	73	47	23
OTU_470	0	0	0	0	0	0	0	0	0	0	1	0	0	0	2	0	0	0	1	0	0	0	0	0	0	0	0	0	3	0	0	0	0	0	0	0
OTU_471	2	0	1	0	0	0	0	0	0	0	0	0	0	0	0	1	0	0	0	2	0	0	0	0	0	0	0	0	0	0	0	0	0	0	1	0
OTU_472	2	1	0	2	0	1	3	0	1	0	1	0	5	1	0	3	1	0	0	1	1	0	1	1	2	1	1	1	0	8	1	2	0	4	2	2
OTU_473	6	4	6	2	2	3	0	3	1	0	2	3	2	2	12	5	4	4	4	3	5	4	1	6	18	4	3	4	0	2	3	1	2	5	2	0
OTU_474	2	0	1	1	0	0	1	0	1	0	0	0	1	0	0	2	0	0	1	0	0	0	0	0	1	0	2	0	0	0	0	0	0	0	0	0
OTU_475	0	1	0	0	0	0	0	0	0	0	0	0	0	0	2	0	0	0	0	0	0	0	0	0	0	0	2	0	0	0	0	0	0	0	0	0
OTU_476	0	0	0	0	0	1	2	1	0	0	9	1	0	0	10	0	0	2	2	0	0	0	0	0	3	0	0	0	0	0	4	1	0	0	1	1
OTU_477	0	2	1	2	1	1	1	3	0	0	6	5	2	1	0	0	1	0	0	0	0	1	0	1	0	0	1	0	1	2	1	2	0	1	2	0
OTU_478	0	0	0	0	2	0	0	0	0	0	0	0	0	0	1	0	1	0	0	0	1	0	0	0	0	0	1	0	0	0	0	2	0	0	0	0
OTU_479	5	0	5	19	8	9	1	0	0	0	8	7	18	0	0	0	1	0	0	0	0	0	0	1	9	11	2	5	6	0	1	0	0	0	1	0
OTU_48	109	51	17	6	6	4	27	53	33	11	30	4	104	1	51	231	84	152	35	26	96	124	129	190	15	61	43	4	2	210	5	4	67	351	236	96
OTU_480	10	1	10	15	4	3	1	3	0	1	2	4	24	8	7	3	1	0	1	3	0	1	1	0	0	5	2	7	5	15	2	21	0	1	1	4
OTU_481	0	0	0	0	0	0	0	0	0	0	0	0	0	5	0	0	0	0	0	0	0	0	0	0	0	0	0	0	0	0	0	0	0	0	0	0
OTU_482	13	5	4	15	1	3	8	6	7	2	4	1	12	4	8	7	4	6	8	5	6	6	3	3	3	3	4	5	3	9	11	8	5	9	5	3
OTU_483	5	8	1	9	7	3	14	6	3	3	43	2	3	2	6	0	6	3	3	0	0	1	9	8	1	5	3	2	13	2	4	1	0	2	4	1
OTU_484	60	59	27	47	56	23	14	61	9	13	56	33	32	24	28	15	17	22	4	16	5	20	12	60	23	34	12	41	24	17	19	17	1	6	31	12
OTU_485	1	2	4	2	0	0	0	0	1	0	2	0	2	1	0	1	0	0	0	0	0	0	0	0	0	1	2	3	0	0	0	1	0	1	0	0
OTU_486	2	0	0	2	0	2	0	2	1	0	2	0	4	4	0	1	1	0	0	0	0	1	0	1	1	0	2	2	0	2	0	0	0	3	3	0
OTU_487	0	0	0	0	0	0	0	1	0	0	0	0	0	0	0	0	0	0	1	0	0	0	0	0	0	0	0	0	1	2	0	0	0	0	0	0
OTU_488	0	0	0	0	0	0	0	0	0	0	2	0	0	0	0	0	0	0	2	0	0	0	1	0	0	0	0	0	0	0	0	0	0	0	0	0
OTU_489	0	0	0	0	0	0	0	0	0	0	0	0	0	1	0	0	0	1	0	0	0	0	0	0	0	0	0	0	0	0	1	0	1	0	0	0
OTU_49	176	9	53	41	56	60	159	142	136	10	89	2	398	92	187	324	40	8	28	141	45	44	4	3	487	95	45	100	99	265	72	249	103	203	107	29
OTU_490	0	1	0	4	1	1	3	0	2	0	3	0	1	2	3	3	0	0	3	3	0	0	1	1	0	0	3	1	2	0	1	0	0	0	6	0
OTU_491	7	0	0	1	1	1	0	0	7	0	1	0	2	4	0	0	0	0	0	0	0	0	0	0	5	4	0	2	0	5	1	0	0	0	0	3
OTU_492	12	9	8	3	4	3	5	5	7	5	4	0	11	2	6	9	3	1	1	2	3	4	6	6	1	2	5	8	3	8	7	8	4	7	4	1
OTU_493	0	1	0	0	0	0	0	0	0	0	0	0	0	0	1	0	0	0	0	0	0	0	0	0	0	0	0	0	0	0	0	0	0	0	3	0
OTU_494	5	7	4	5	5	4	5	3	3	4	5	4	11	5	9	5	3	1	5	2	2	3	5	5	7	4	5	9	6	8	11	6	4	2	3	0
OTU_495	7	9	3	4	5	5	3	10	4	3	6	0	20	6	6	6	3	1	6	1	8	8	3	3	9	9	6	6	3	4	9	12	4	10	6	1
OTU_496	0	0	0	0	2	3	1	3	0	2	4	0	1	0	1	0	0	0	0	0	0	0	1	0	2	0	0	3	4	3	0	1	0	0	0	0
OTU_497	0	0	0	0	1	0	3	6	0	0	5	2	2	0	4	1	0	0	1	0	3	0	0	1	0	0	0	2	1	0	0	0	0	0	2	0
OTU_498	0	0	3	0	0	4	0	1	0	0	0	0	10	5	0	0	0	0	3	0	0	1	0	0	0	0	0	0	0	0	6	18	0	0	0	0
OTU_499	0	2	0	0	0	1	0	6	1	1	0	1	1	2	7	0	2	0	0	1	0	8	0	6	0	1	2	1	2	0	0	1	0	0	0	6
OTU_5	979	790	440	1022	1482	450	24	0	1	0	2488	412	236	307	952	279	697	707	778	681	263	476	881	373	308	637	317	1146	1	3	734	9	534	1441	1019	448
OTU_50	355	177	204	179	61	45	70	378	426	47	116	170	1016	370	80	339	19	56	116	302	125	109	35	49	132	154	238	76	62	23	159	19	97	99	11	32
OTU_500	0	0	0	0	0	0	0	0	3	0	1	0	0	0	0	0	0	0	0	0	0	0	0	0	0	0	0	0	0	0	0	0	0	0	0	0
OTU_501	0	0	0	0	0	0	0	0	0	0	0	0	0	1	0	0	0	0	0	0	0	0	1	0	0	0	0	0	0	0	0	2	0	0	0	0
OTU_502	3	0	4	3	2	0	0	2	1	0	0	0	5	1	0	2	0	0	0	0	0	0	0	0	2	0	0	2	0	1	1	0	0	0	0	0
OTU_503	0	3	0	0	0	0	0	0	0	0	0	0	0	0	0	0	0	0	0	0	0	0	1	0	0	0	0	0	0	0	0	0	0	0	0	0
OTU_504	0	1	0	0	0	0	0	0	1	1	0	0	0	0	1	0	0	0	0	0	0	0	1	0	1	0	0	0	0	0	0	0	0	0	0	0
OTU_505	2	0	0	1	1	0	0	0	0	0	0	0	0	0	1	7	0	0	0	3	0	0	0	0	2	0	0	0	0	0	0	0	1	1	0	0
OTU_506	7	13	3	15	5	1	3	8	6	4	5	3	11	4	5	12	5	2	2	0	10	9	1	3	6	7	7	6	2	12	13	12	5	3	7	1
OTU_507	0	18	0	0	0	1	0	0	1	0	2	0	0	0	75	0	0	0	38	0	0	0	20	14	0	0	16	1	1	0	1	0	0	1	1	0
OTU_508	0	3	4	3	4	0	3	4	13	6	15	1	9	0	9	1	1	1	5	0	0	1	5	2	2	1	0	4	6	8	2	1	1	3	0	0
OTU_509	0	0	0	1	1	0	0	3	1	0	4	0	6	0	1	0	1	1	0	0	0	0	1	1	0	0	1	0	0	4	0	2	0	0	0	0
OTU_51	117	54	77	591	209	183	117	173	77	50	625	66	409	75	264	217	63	54	101	72	87	133	74	115	193	55	155	159	132	948	82	329	100	375	89	60
OTU_510	0	0	0	0	0	0	0	0	0	0	0	0	0	0	0	0	0	0	0	0	0	0	0	0	0	0	0	0	4	0	0	0	0	0	0	0
OTU_511	0	0	0	0	0	0	1	0	0	0	0	0	0	0	0	0	0	0	0	0	0	0	0	0	0	0	0	0	3	0	0	0	0	0	1	0
OTU_512	1	2	3	1	0	0	0	1	0	0	0	0	1	0	0	0	0	0	2	0	1	0	0	0	1	0	1	2	0	0	0	0	0	0	0	0
OTU_513	0	0	0	0	0	0	1	0	0	0	0	0	1	2	0	0	0	0	0	0	0	0	0	0	0	0	0	0	0	0	0	0	0	0	0	0
OTU_514	2	2	2	2	1	0	1	0	0	0	0	0	3	3	3	11	0	2	1	7	0	3	0	0	1	0	4	4	0	0	0	0	3	2	0	1
OTU_515	2	0	6	0	0	0	0	0	5	0	0	0	0	0	0	0	0	0	0	0	0	0	0	0	0	0	0	0	3	0	0	0	0	0	0	0
OTU_516	2	0	0	9	0	1	4	2	0	0	0	0	0	0	15	0	4	2	0	1	0	2	0	0	0	2	0	5	0	1	0	1	0	0	0	1
OTU_517	0	0	0	0	0	0	0	0	0	0	6	0	0	0	0	0	0	0	0	0	0	0	0	0	0	0	0	0	0	0	0	0	0	0	0	0
OTU_518	0	0	0	0	0	0	0	0	1	0	0	0	0	0	0	0	0	0	0	0	0	0	0	0	0	0	0	0	0	0	0	1	0	0	2	0
OTU_519	0	0	0	0	0	0	1	0	0	0	0	0	2	0	0	0	1	0	0	0	0	0	0	0	0	0	0	0	0	0	0	0	0	0	0	0
OTU_52	319	287	97	194	219	107	189	182	88	23	653	140	97	210	78	42	86	77	88	46	6	62	86	192	224	160	28	102	125	80	169	52	25	66	109	71
OTU_520	2	0	0	0	0	0	0	0	3	0	0	0	0	0	0	0	0	0	0	0	0	0	0	0	0	0	0	1	0	0	0	0	0	0	1	0
OTU_521	9	0	0	0	0	0	0	0	0	0	0	0	0	0	0	35	0	0	0	0	16	0	0	0	0	0	0	0	0	0	0	0	5	4	0	0
OTU_522	0	0	0	0	0	0	0	0	0	0	0	0	1	0	0	0	2	0	0	0	0	0	0	0	0	0	0	1	0	4	0	0	0	0	0	0
OTU_523	0	0	0	0	0	0	0	0	1	0	1	0	0	0	0	0	0	0	0	0	0	0	0	0	0	0	0	0	0	2	1	0	0	0	1	0
OTU_524	16	11	9	9	6	9	8	7	10	3	6	4	17	1	8	13	3	4	10	2	11	7	3	2	8	8	4	8	3	12	12	8	2	10	7	5
OTU_525	0	0	0	0	1	0	1	0	0	0	0	0	0	0	0	0	0	0	0	0	0	0	0	0	0	1	1	0	0	0	0	0	0	0	0	0
OTU_526	13	8	6	7	5	1	8	7	14	2	6	2	17	12	7	17	8	3	11	2	7	10	4	10	6	8	3	8	2	11	17	8	2	12	6	3
OTU_527	1	0	0	0	0	0	7	4	0	0	1	0	8	0	0	0	2	0	0	0	0	0	0	0	0	0	0	0	0	1	0	1	0	1	1	2
OTU_528	3	5	5	4	0	0	0	0	2	0	1	2	14	4	3	2	3	14	1	6	1	0	1	3	7	3	4	5	1	0	1	0	1	0	0	0
OTU_529	0	0	0	0	0	0	0	0	2	0	0	0	0	0	0	0	2	0	0	0	0	0	0	0	0	0	0	0	0	0	0	0	0	0	0	0
OTU_53	136	60	72	412	61	29	101	129	38	68	13	17	333	63	686	58	28	32	190	46	3	48	15	55	76	107	1136	238	65	73	21	289	10	57	51	48
OTU_54	0	0	1	687	0	0	0	0	0	0	842	139	0	0	86	217	0	0	0	101	132	137	0	0	0	0	0	1	0	0	0	0	110	812	0	0
OTU_55	28	173	60	58	35	49	6	1	18	1	40	3	25	28	34	3	75	36	8	17	1	6	51	91	105	155	18	3	10	26	18	5	1	2	11	1
OTU_56	18	30	30	37	61	51	21	11	9	4	62	17	116	45	130	45	4	4	25	6	11	34	11	47	55	32	9	160	10	40	13	15	2	9	2	4
OTU_57	120	121	65	115	146	69	15	8	194	67	92	14	21	71	68	81	13	1	13	59	14	32	59	20	16	8	35	195	32	99	47	112	14	60	111	35
OTU_58	24	5	89	76	8	15	14	22	11	3	44	56	29	134	0	28	9	356	0	2	15	43	2	6	126	37	1	10	0	8	12	4	3	12	14	13
OTU_59	47	12	9	20	50	46	51	46	30	9	39	1	298	69	56	9	15	42	19	12	0	15	15	12	51	13	14	48	49	451	19	234	5	65	33	6
OTU_6	1015	3040	1366	560	1940	269	12592	736	4839	51	3914	33	863	1062	261	1267	2367	82	2476	283	2549	106	2803	214	3144	1075	938	494	2795	196	22257	54	6428	1153	3561	68
OTU_60	49	14	20	53	63	48	107	139	36	10	88	16	203	33	183	143	35	23	35	62	66	52	27	31	71	10	23	64	59	365	30	68	53	175	94	31
OTU_61	27	23	27	106	96	54	54	24	55	20	108	16	91	29	96	47	10	10	43	27	20	13	26	22	42	23	29	153	47	57	21	83	12	135	32	9
OTU_62	1	0	12	1384	21	1	0	0	524	29	563	16	0	0	0	0	0	0	0	8	0	0	0	0	0	0	0	18	0	0	0	0	6	97	4	0
OTU_63	131	71	116	148	330	60	77	19	74	31	224	5	298	45	47	28	57	19	35	28	7	7	120	21	28	59	35	629	89	23	97	19	14	99	155	17
OTU_64	256	133	23	92	101	42	20	15	17	0	85	10	25	78	10	31	17	8	11	3	8	4	19	53	39	19	16	72	17	10	41	9	1	8	43	3
OTU_65	1	2	8	8	31	0	41	0	21	9	44	0	5	7	12	22	28	0	9	6	6	1	4	0	3	3	8	12	53	26	18	12	3	12	27	0
OTU_66	125	1	38	73	37	28	80	110	0	1	20	5	115	2	69	12	22	48	0	85	1	18	0	0	19	8	1	117	0	139	32	151	47	263	116	40
OTU_67	49	77	29	25	3	32	1	136	31	14	2	17	24	12	211	39	60	2	15	2	0	126	16	166	12	48	25	38	8	10	11	13	6	1	10	238
OTU_68	9	7	6	77	19	52	18	26	6	11	73	16	108	23	314	15	0	2	59	13	1	5	3	5	30	5	231	47	5	156	16	136	1	45	6	4
OTU_69	66	67	36	95	37	17	49	30	71	23	70	4	125	28	77	61	14	25	29	31	16	22	47	22	43	33	69	55	18	274	12	44	5	36	59	12
OTU_7	411	1	309	821	820	4015	259	5701	841	1959	1606	1653	417	198	1857	211	232	416	112	293	84	1413	0	1	733	187	290	225	1142	2856	322	1962	75	370	371	2063
OTU_70	17	27	12	28	8	0	17	17	103	0	20	3	12	4	39	141	35	24	113	35	233	37	9	1	14	25	48	8	5	2	62	1	105	167	26	5
OTU_71	14	17	4	16	31	13	29	21	16	6	15	1	53	6	5	7	0	0	0	22	5	13	10	142	17	0	3	99	6	41	15	16	48	67	9	11
OTU_72	18	77	6	59	32	8	35	61	54	19	243	37	14	22	29	0	12	8	36	5	0	0	32	35	13	12	2	29	17	19	26	17	4	12	19	19
OTU_73	38	36	326	15	7	1	2	7	10	0	1	2	77	35	27	193	12	165	4	128	23	22	0	3	127	45	132	103	7	2	9	0	73	275	2	7
OTU_74	145	106	143	63	12	1	9	28	64	11	21	67	412	119	68	78	29	341	39	90	20	14	9	36	174	83	79	107	14	3	58	7	47	55	11	16
OTU_75	1	0	2	623	5	0	0	0	179	13	214	4	0	0	1	0	0	0	0	6	0	0	0	0	0	0	0	7	0	0	0	0	0	43	1	1
OTU_76	26	47	80	34	2	0	2	8	4	0	0	4	175	47	12	113	0	38	10	111	2	6	4	0	19	20	31	24	2	0	11	1	16	73	2	3
OTU_77	25	36	13	197	15	9	63	73	7	20	54	12	148	8	353	111	10	12	59	34	6	31	16	19	30	11	58	58	16	276	6	50	10	48	14	12
OTU_78	285	56	68	90	183	153	39	49	75	40	182	33	192	50	101	92	32	25	17	40	9	26	32	32	84	17	57	197	68	325	25	154	6	180	155	65
OTU_79	192	99	110	96	35	7	40	38	95	4	43	16	326	120	65	321	16	27	88	87	35	37	19	6	111	112	351	184	9	5	97	3	41	35	13	7
OTU_8	733	186	835	2749	1924	1172	146	176	165	56	1873	727	1993	23	42	2	240	242	81	13	1	42	115	229	1145	2094	364	825	432	71	15	2	2	5	259	169
OTU_80	37	1	167	6	2	0	3	0	52	0	0	0	44	32	0	46	4	86	4	2	27	0	0	0	32	25	22	40	3	0	43	0	7	51	15	1
OTU_81	57	41	10	9	159	59	4	5	1	0	208	31	6	4	13	0	46	7	12	5	1	5	7	110	40	16	1	27	36	9	28	0	1	1	13	2
OTU_82	71	110	89	66	212	15	26	25	33	39	123	51	83	82	187	48	52	55	11	73	25	67	16	38	156	102	29	162	57	21	86	9	27	58	73	24
OTU_83	17	0	14	49	73	90	60	66	35	19	100	24	51	23	7	19	13	13	0	7	22	30	0	0	17	27	0	103	0	79	46	232	9	22	35	11
OTU_84	5	13	9	77	21	10	1	4	2	8	6	5	11	23	5	194	3	4	0	30	62	6	1	5	22	88	0	11	16	51	1	5	17	75	0	0
OTU_85	91	92	83	254	81	74	91	140	126	77	204	24	179	93	439	145	61	67	131	150	32	49	160	107	122	101	168	132	92	613	87	233	46	264	114	92
OTU_86	44	88	70	116	70	87	66	90	45	57	98	21	159	46	154	56	23	18	37	49	9	57	57	176	38	34	62	119	61	60	16	113	20	166	48	29
OTU_87	31	10	83	0	37	3	11	3	7	1	38	30	23	31	23	123	18	21	0	42	47	49	10	64	30	58	0	118	7	7	13	6	33	246	1	1
OTU_88	32	17	31	72	43	141	56	118	12	35	95	22	136	24	145	73	14	31	33	18	17	36	11	40	49	16	60	46	49	340	4	155	8	77	34	62
OTU_89	34	9	17	43	20	49	49	60	31	94	84	27	116	10	22	0	24	39	5	1	0	9	7	21	14	5	7	50	47	78	4	167	1	16	43	65
OTU_9	9016	9248	1951	3375	74	849	331	3182	6055	814	417	539	4398	2472	3586	9496	131	211	876	2083	4392	2743	20	4032	721	891	2090	1147	211	2364	2451	756	170	239	1928	1017
OTU_90	0	0	2	56	10	29	1	1	0	0	334	26	7	0	100	50	1	2	0	90	59	46	0	1	0	0	1	1	0	1	0	0	74	357	0	0
OTU_91	119	79	66	435	195	95	274	345	93	100	247	46	804	58	327	395	40	34	110	67	120	106	126	84	158	69	505	243	262	168	45	198	6	69	85	55
OTU_92	33	18	12	21	12	19	21	29	10	8	19	8	128	17	66	67	7	7	16	22	4	15	10	12	35	4	71	52	17	164	14	93	2	38	16	14
OTU_93	107	50	116	82	7	2	3	119	27	1	23	63	142	41	51	72	18	112	7	49	14	63	11	20	83	72	76	61	3	9	17	2	14	46	19	17
OTU_94	44	0	22	40	14	8	14	27	18	11	102	11	63	1	12	4	3	0	6	9	2	9	0	1	44	1	4	38	14	192	4	36	1	23	34	25
OTU_95	30	8	20	14	18	11	16	11	4	3	33	2	22	40	82	3	18	10	35	19	2	0	9	3	6	2	42	41	9	23	38	134	10	99	12	1
OTU_96	74	29	73	33	4	7	6	41	18	1	16	18	89	46	23	70	9	22	22	32	22	43	3	14	40	48	49	65	2	1	37	3	34	36	26	12
OTU_97	10	3	12	12	12	17	31	34	73	60	12	9	14	35	87	2	3	6	14	68	6	35	11	8	9	26	8	25	18	55	58	45	31	352	11	9
OTU_98	405	90	415	120	4	2	12	14	38	3	3	8	477	167	14	116	1	141	10	139	7	40	11	3	180	128	128	187	0	1	17	0	8	81	12	3
OTU_99	166	80	127	27	3	0	2	8	14	0	2	0	195	93	21	417	3	30	6	54	16	21	1	3	83	84	132	85	1	3	9	1	21	46	7	1
