OTU	Kingdom	Phylum	Class	Order	Family	Genus	Specie
OTU_188	Bacteria	Firmicutes	Clostridia	Clostridiales			
OTU_158	Bacteria	Firmicutes	Clostridia	Clostridiales	Lachnospiraceae	[Ruminococcus]	gnavus
OTU_414	Bacteria	Firmicutes	Clostridia	Clostridiales	Clostridiaceae		
OTU_173	Bacteria	Firmicutes	Clostridia	Clostridiales			
OTU_130	Bacteria	Firmicutes	Clostridia	Clostridiales			
OTU_241	Bacteria	Firmicutes	Clostridia	Clostridiales			
OTU_212	Bacteria	Firmicutes	Clostridia	Clostridiales	Ruminococcaceae	Ruminococcus	
OTU_34	Bacteria	Firmicutes	Clostridia	Clostridiales			
OTU_152	Bacteria	Firmicutes	Clostridia	Clostridiales	Lachnospiraceae		
OTU_449	Bacteria	Firmicutes	Clostridia	Clostridiales	Lachnospiraceae	Coprococcus	
OTU_21	Bacteria	Firmicutes	Clostridia	Clostridiales			
OTU_194	Bacteria	Firmicutes	Clostridia	Clostridiales			
OTU_376	Bacteria	Firmicutes	Clostridia	Clostridiales	Ruminococcaceae	Oscillospira	
OTU_78	Bacteria	Firmicutes	Clostridia	Clostridiales	Ruminococcaceae		
OTU_162	Bacteria	Firmicutes	Clostridia	Clostridiales			
OTU_271	Bacteria	Firmicutes	Clostridia	Clostridiales	Ruminococcaceae	Ruminococcus	
OTU_508	Bacteria	Firmicutes	Clostridia	Clostridiales			
OTU_343	Bacteria	Firmicutes	Clostridia	Clostridiales	Ruminococcaceae	Oscillospira	
OTU_263	Bacteria	Firmicutes	Clostridia	Clostridiales			
OTU_145	Bacteria	Firmicutes	Clostridia	Clostridiales			
OTU_150	Bacteria	Firmicutes	Clostridia	Clostridiales			
OTU_287	Bacteria	Firmicutes	Clostridia	Clostridiales			
OTU_283	Bacteria	Firmicutes	Clostridia	Clostridiales	Ruminococcaceae		
OTU_137	Bacteria	Firmicutes	Clostridia	Clostridiales			
OTU_451	Bacteria	Firmicutes	Clostridia	Clostridiales	Ruminococcaceae	Ruminococcus	
OTU_124	Bacteria	Firmicutes	Clostridia	Clostridiales	Lachnospiraceae		
OTU_114	Bacteria	Firmicutes	Clostridia	Clostridiales	[Mogibacteriaceae]		
OTU_19	Bacteria	Bacteroidetes	Bacteroidia	Bacteroidales	Bacteroidaceae	Bacteroides	
OTU_6	Bacteria	Firmicutes	Bacilli	Lactobacillales	Lactobacillaceae	Lactobacillus	
OTU_149	Bacteria	Firmicutes	Clostridia	Clostridiales	Lachnospiraceae	[Ruminococcus]	gnavus
OTU_519	Bacteria	Deferribacteres	Deferribacteres	Deferribacterales	Deferribacteraceae		
OTU_260	Bacteria	Bacteroidetes	Bacteroidia	Bacteroidales	S24-7		
OTU_443	Bacteria	Firmicutes	Clostridia	Clostridiales	Ruminococcaceae		
OTU_53	Bacteria	Firmicutes	Clostridia	Clostridiales	Lachnospiraceae		
OTU_481	Bacteria	Firmicutes	Clostridia	Clostridiales			
OTU_338	Bacteria	Firmicutes	Clostridia	Clostridiales			
OTU_230	Bacteria	Firmicutes	Clostridia	Clostridiales			
OTU_348	Bacteria	Tenericutes	Mollicutes	RF39			
OTU_159	Bacteria	Firmicutes	Clostridia	Clostridiales	Lachnospiraceae		
OTU_326	Bacteria	Tenericutes	Mollicutes	RF39			
OTU_395	Bacteria	Firmicutes	Clostridia	Clostridiales			
OTU_313	Bacteria	Firmicutes	Clostridia	Clostridiales	Ruminococcaceae	Oscillospira	
OTU_41	Bacteria	Firmicutes	Clostridia	Clostridiales			
OTU_254	Bacteria	Firmicutes	Clostridia	Clostridiales			
OTU_426	Bacteria	Firmicutes	Clostridia	Clostridiales	Lachnospiraceae	[Ruminococcus]	gnavus
OTU_72	Bacteria	Firmicutes	Clostridia	Clostridiales			
OTU_81	Bacteria	Firmicutes	Clostridia	Clostridiales			
OTU_247	Bacteria	Firmicutes	Clostridia	Clostridiales			
OTU_405	Bacteria	Firmicutes	Clostridia	Clostridiales	Ruminococcaceae	Oscillospira	
OTU_450	Bacteria	Firmicutes	Clostridia	Clostridiales	Ruminococcaceae	Oscillospira	
OTU_216	Bacteria	Firmicutes	Clostridia	Clostridiales	Ruminococcaceae	Oscillospira	
OTU_325	Bacteria	Firmicutes	Clostridia	Clostridiales	Ruminococcaceae	Oscillospira	
OTU_22	Bacteria	Bacteroidetes	Bacteroidia	Bacteroidales	Rikenellaceae		
OTU_425	Bacteria	Bacteroidetes	Bacteroidia	Bacteroidales	Rikenellaceae		
OTU_401	Bacteria	Firmicutes	Clostridia	Clostridiales	Lachnospiraceae		
OTU_105	Bacteria	Firmicutes	Clostridia	Clostridiales			
OTU_117	Bacteria	Firmicutes	Clostridia	Clostridiales			
OTU_45	Bacteria	Bacteroidetes	Bacteroidia	Bacteroidales	Rikenellaceae		
OTU_102	Bacteria	Bacteroidetes	Bacteroidia	Bacteroidales	S24-7		
OTU_281	Bacteria	Firmicutes	Clostridia	Clostridiales	Lachnospiraceae		
OTU_92	Bacteria	Firmicutes	Clostridia	Clostridiales	Ruminococcaceae	Oscillospira	
OTU_141	Bacteria	Firmicutes	Clostridia	Clostridiales			
OTU_298	Bacteria	Firmicutes	Clostridia	Clostridiales	Ruminococcaceae		
OTU_178	Bacteria	Firmicutes	Clostridia	Clostridiales	Lachnospiraceae		
OTU_128	Bacteria	Firmicutes	Clostridia	Clostridiales	Ruminococcaceae	Oscillospira	
OTU_274	Bacteria	Firmicutes	Clostridia	Clostridiales			
OTU_11	Bacteria	Proteobacteria	Alphaproteobacteria	RF32			
OTU_71	Bacteria	Firmicutes	Clostridia	Clostridiales			
OTU_355	Bacteria	Firmicutes	Clostridia	Clostridiales	Ruminococcaceae	Oscillospira	
OTU_203	Bacteria	Firmicutes	Clostridia	Clostridiales	Ruminococcaceae	Ruminococcus	
OTU_301	Bacteria	Firmicutes	Clostridia	Clostridiales	Ruminococcaceae		
OTU_111	Bacteria	Firmicutes	Clostridia	Clostridiales			
OTU_139	Bacteria	Firmicutes	Clostridia	Clostridiales			
OTU_60	Bacteria	Firmicutes	Clostridia	Clostridiales	Lachnospiraceae		
OTU_25	Bacteria	Bacteroidetes	Bacteroidia	Bacteroidales	Rikenellaceae		
OTU_196	Bacteria	Firmicutes	Clostridia	Clostridiales			
OTU_458	Bacteria	Firmicutes	Clostridia	Clostridiales	Lachnospiraceae		
OTU_239	Bacteria	Firmicutes	Clostridia	Clostridiales	Lachnospiraceae	Coprococcus	
OTU_259	Bacteria	Firmicutes	Clostridia	Clostridiales			
OTU_160	Bacteria	Firmicutes	Clostridia	Clostridiales			
OTU_47	Bacteria	Firmicutes	Clostridia	Clostridiales			
OTU_457	Bacteria	Firmicutes	Clostridia	Clostridiales			
OTU_185	Bacteria	Firmicutes	Clostridia	Clostridiales			
OTU_86	Bacteria	Firmicutes	Clostridia	Clostridiales	Ruminococcaceae		
OTU_265	Bacteria	Proteobacteria	Betaproteobacteria	Burkholderiales	Alcaligenaceae	Sutterella	
OTU_236	Bacteria	Firmicutes	Clostridia	Clostridiales			
OTU_215	Bacteria	Firmicutes	Clostridia	Clostridiales			
OTU_170	Bacteria	Firmicutes	Clostridia	Clostridiales	Lachnospiraceae		
OTU_285	Bacteria	Firmicutes	Clostridia	Clostridiales	Ruminococcaceae	Ruminococcus	
OTU_507	Bacteria	Firmicutes	Clostridia	Clostridiales			
OTU_217	Bacteria	Firmicutes	Clostridia	Clostridiales	Lachnospiraceae		
OTU_399	Bacteria	Firmicutes	Clostridia	Clostridiales	Lachnospiraceae		
OTU_59	Bacteria	Deferribacteres	Deferribacteres	Deferribacterales	Deferribacteraceae	Mucispirillum	schaedleri
OTU_413	Bacteria	Deferribacteres	Deferribacteres	Deferribacterales	Deferribacteraceae	Mucispirillum	
OTU_88	Bacteria	Firmicutes	Clostridia	Clostridiales			
OTU_361	Bacteria	Firmicutes	Clostridia	Clostridiales	Clostridiaceae		
OTU_153	Bacteria	Firmicutes	Clostridia	Clostridiales			
OTU_310	Bacteria	Firmicutes	Clostridia	Clostridiales	Ruminococcaceae		
OTU_397	Bacteria	Firmicutes	Clostridia	Clostridiales	Ruminococcaceae	Oscillospira	
OTU_38	Bacteria	Firmicutes	Clostridia	Clostridiales	Lachnospiraceae		
OTU_123	Bacteria	Firmicutes	Clostridia	Clostridiales			
OTU_12	Bacteria	Bacteroidetes	Bacteroidia	Bacteroidales	Rikenellaceae		
OTU_276	Bacteria	Bacteroidetes	Bacteroidia	Bacteroidales	Rikenellaceae		
OTU_120	Bacteria	Firmicutes	Clostridia	Clostridiales			
OTU_29	Bacteria	Bacteroidetes	Bacteroidia	Bacteroidales	S24-7		
OTU_430	Bacteria	Bacteroidetes	Bacteroidia	Bacteroidales	S24-7		
OTU_127	Bacteria	Firmicutes	Clostridia	Clostridiales	Lachnospiraceae	[Ruminococcus]	gnavus
OTU_371	Bacteria	Firmicutes	Clostridia	Clostridiales	Ruminococcaceae	Oscillospira	
OTU_256	Bacteria	Firmicutes	Clostridia	Clostridiales	Ruminococcaceae		
OTU_69	Bacteria	Firmicutes	Clostridia	Clostridiales	Lachnospiraceae	[Ruminococcus]	gnavus
OTU_214	Bacteria	Firmicutes	Clostridia	Clostridiales			
OTU_509	Bacteria	Firmicutes	Clostridia	Clostridiales	Lachnospiraceae		
OTU_385	Bacteria	Firmicutes	Clostridia	Clostridiales	Ruminococcaceae	Oscillospira	
OTU_119	Bacteria	Firmicutes	Clostridia	Clostridiales	Ruminococcaceae		
OTU_250	Bacteria	Firmicutes	Clostridia	Clostridiales	Clostridiaceae		
OTU_5	Bacteria	Bacteroidetes	Bacteroidia	Bacteroidales	[Odoribacteraceae]	Odoribacter	
OTU_135	Bacteria	Firmicutes	Clostridia	Clostridiales	Ruminococcaceae	Ruminococcus	
OTU_438	Bacteria	Firmicutes	Clostridia	Clostridiales			
OTU_103	Bacteria	Firmicutes	Clostridia	Clostridiales	Lachnospiraceae	Coprococcus	
OTU_354	Bacteria	Firmicutes	Clostridia	Clostridiales	Ruminococcaceae	Oscillospira	
OTU_240	Bacteria	Firmicutes	Clostridia	Clostridiales			
OTU_490	Bacteria	Firmicutes	Clostridia	Clostridiales			
OTU_456	Bacteria	Firmicutes	Clostridia	Clostridiales	Lachnospiraceae		
OTU_228	Bacteria	Firmicutes	Clostridia	Clostridiales			
OTU_134	Bacteria	Firmicutes	Clostridia	Clostridiales	Ruminococcaceae		
OTU_68	Bacteria	Firmicutes	Clostridia	Clostridiales	Ruminococcaceae	Oscillospira	
OTU_84	Bacteria	Firmicutes	Clostridia	Clostridiales			
OTU_340	Bacteria	Firmicutes	Clostridia	Clostridiales	Ruminococcaceae		
OTU_218	Bacteria	Firmicutes	Clostridia	Clostridiales	Lachnospiraceae	Coprococcus	
OTU_307	Bacteria	Firmicutes	Clostridia	Clostridiales	Lachnospiraceae		
OTU_197	Bacteria	Firmicutes	Clostridia	Clostridiales			
OTU_54	Bacteria	Firmicutes	Clostridia	Clostridiales			
OTU_229	Bacteria	Bacteroidetes	Bacteroidia	Bacteroidales	S24-7		
OTU_18	Bacteria	Firmicutes	Clostridia	Clostridiales			
OTU_363	Bacteria	Firmicutes	Clostridia	Clostridiales			
OTU_79	Bacteria	Bacteroidetes	Bacteroidia	Bacteroidales	S24-7		
OTU_520	Bacteria	Firmicutes	Erysipelotrichi				
OTU_190	Bacteria	Firmicutes	Clostridia	Clostridiales	Lachnospiraceae		
OTU_454	Bacteria	Firmicutes	Clostridia	Clostridiales			
OTU_40	Bacteria	Bacteroidetes	Bacteroidia	Bacteroidales	Bacteroidaceae	Bacteroides	
OTU_155	Bacteria	Tenericutes	Mollicutes	RF39			
OTU_464	Bacteria	Tenericutes	Mollicutes	RF39			
OTU_147	Bacteria	Firmicutes	Clostridia	Clostridiales	Ruminococcaceae	Oscillospira	
OTU_106	Bacteria	Firmicutes	Clostridia	Clostridiales			
OTU_148	Bacteria	Firmicutes	Clostridia	Clostridiales			
OTU_302	Bacteria	Firmicutes	Clostridia	Clostridiales			
OTU_112	Bacteria	Firmicutes	Bacilli	Lactobacillales	Lactobacillaceae	Lactobacillus	reuteri
OTU_461	Bacteria	Firmicutes	Clostridia	Clostridiales			
OTU_58	Bacteria	Firmicutes	Clostridia	Clostridiales	Ruminococcaceae		
OTU_138	Bacteria	Firmicutes	Clostridia	Clostridiales	Ruminococcaceae	Oscillospira	
OTU_46	Bacteria	Bacteroidetes	Bacteroidia	Bacteroidales			
OTU_477	Bacteria	Firmicutes	Clostridia	Clostridiales			
OTU_55	Bacteria	Firmicutes	Clostridia	Clostridiales	Clostridiaceae	Candidatushromitus	
OTU_491	Bacteria	Tenericutes	Mollicutes	RF39			
OTU_205	Bacteria	Firmicutes	Clostridia	Clostridiales			
OTU_435	Bacteria	Firmicutes	Clostridia	Clostridiales	Ruminococcaceae		
OTU_364	Bacteria	Firmicutes	Clostridia	Clostridiales	Lachnospiraceae		
OTU_57	Bacteria	Firmicutes	Clostridia	Clostridiales			
OTU_272	Bacteria	Firmicutes	Clostridia	Clostridiales	Ruminococcaceae	Oscillospira	
OTU_2	Bacteria	Bacteroidetes	Bacteroidia	Bacteroidales	Bacteroidaceae		
OTU_61	Bacteria	Firmicutes	Clostridia	Clostridiales	Ruminococcaceae		
OTU_455	Bacteria	Firmicutes	Clostridia	Clostridiales	Eubacteriaceae	Anaerofustis	
OTU_472	Bacteria	Firmicutes	Clostridia	Clostridiales			
OTU_4	Bacteria	Firmicutes	Clostridia	Clostridiales			
OTU_166	Bacteria	Firmicutes	Clostridia	Clostridiales			
OTU_423	Bacteria	Firmicutes	Clostridia	Clostridiales			
OTU_465	Bacteria	Firmicutes	Clostridia	Clostridiales	Peptococcaceae		
OTU_370	Bacteria	Firmicutes	Clostridia	Clostridiales	Lachnospiraceae	[Ruminococcus]	gnavus
OTU_207	Bacteria	Firmicutes	Clostridia	Clostridiales			
OTU_208	Bacteria	Firmicutes	Erysipelotrichi	Erysipelotrichales	Erysipelotrichaceae		
OTU_110	Bacteria	Firmicutes	Clostridia	Clostridiales			
OTU_431	Bacteria	Firmicutes	Clostridia	Clostridiales			
OTU_129	Bacteria	Firmicutes	Clostridia	Clostridiales			
OTU_440	Bacteria	Firmicutes	Clostridia	Clostridiales	Ruminococcaceae		
OTU_20	Bacteria	Firmicutes	Clostridia	Clostridiales			
OTU_521	Bacteria	Tenericutes	Mollicutes	RF39			
OTU_293	Bacteria	Firmicutes	Clostridia	Clostridiales	Ruminococcaceae	Oscillospira	
OTU_459	Bacteria	Tenericutes	Mollicutes	RF39			
OTU_476	Bacteria	Tenericutes	Mollicutes	RF39			
OTU_73	Bacteria	Bacteroidetes	Bacteroidia	Bacteroidales	Prevotellaceae	Prevotella	
OTU_273	Bacteria	Firmicutes	Clostridia	Clostridiales	Ruminococcaceae	Oscillospira	
OTU_505	Bacteria	Firmicutes	Erysipelotrichi	Erysipelotrichales			
OTU_50	Bacteria	Bacteroidetes	Bacteroidia	Bacteroidales	S24-7		
OTU_269	Bacteria	Firmicutes	Clostridia	Clostridiales			
OTU_394	Bacteria	Firmicutes	Clostridia	Clostridiales			
OTU_28	Bacteria	Firmicutes	Clostridia	Clostridiales			
OTU_213	Bacteria	Firmicutes	Clostridia	Clostridiales	Ruminococcaceae	Ruminococcus	
OTU_3	Bacteria	Firmicutes	Bacilli	Turicibacterales	Turicibacteraceae	Turicibacter	
OTU_350	Bacteria	Firmicutes	Bacilli	Turicibacterales	Turicibacteraceae		
OTU_156	Bacteria	Firmicutes	Clostridia	Clostridiales			
OTU_514	Bacteria	Bacteroidetes	Bacteroidia	Bacteroidales	S24-7		
OTU_200	Bacteria	Bacteroidetes	Bacteroidia	Bacteroidales	S24-7		
OTU_91	Bacteria	Firmicutes	Clostridia	Clostridiales	Lachnospiraceae		
OTU_251	Bacteria	Firmicutes	Clostridia	Clostridiales	Lachnospiraceae		
OTU_209	Bacteria	Firmicutes	Clostridia	Clostridiales	Ruminococcaceae		
OTU_333	Bacteria	Firmicutes	Clostridia	Clostridiales	Ruminococcaceae	Oscillospira	
OTU_295	Bacteria	Firmicutes	Clostridia	Clostridiales	Lachnospiraceae		
OTU_444	Bacteria	Cyanobacteria	Chloroplast	Streptophyta			
OTU_516	Bacteria	Tenericutes	Mollicutes	RF39			
OTU_242	Bacteria	Firmicutes	Clostridia	Clostridiales			
OTU_356	Bacteria	Firmicutes	Clostridia	Clostridiales	Lachnospiraceae		
OTU_37	Bacteria	Firmicutes	Clostridia	Clostridiales	Lachnospiraceae	[Ruminococcus]	gnavus
OTU_199	Bacteria	Firmicutes	Clostridia	Clostridiales	Lachnospiraceae		
OTU_372	Bacteria	Firmicutes	Clostridia	Clostridiales	Ruminococcaceae	Oscillospira	
OTU_341	Bacteria	Firmicutes	Clostridia	Clostridiales			
OTU_445	Bacteria	Firmicutes	Clostridia	Clostridiales	Lachnospiraceae		
OTU_221	Bacteria	Firmicutes	Clostridia	Clostridiales			
OTU_115	Bacteria	Bacteroidetes	Bacteroidia	Bacteroidales	S24-7		
OTU_406	Bacteria	Proteobacteria	Deltaproteobacteria	Desulfovibrionales	Desulfovibrionaceae	Bilophila	
OTU_498	Bacteria	Firmicutes	Clostridia	Clostridiales			
OTU_282	Bacteria	Firmicutes	Clostridia	Clostridiales	Lachnospiraceae	[Ruminococcus]	gnavus
OTU_122	Bacteria	TM7	TM7-3	CW040	F16		
OTU_515	Bacteria	Firmicutes	Clostridia	Clostridiales	Lachnospiraceae		
OTU_211	Bacteria	Firmicutes	Clostridia	Clostridiales	Ruminococcaceae		
OTU_473	Bacteria	Bacteroidetes	Bacteroidia	Bacteroidales	Rikenellaceae		
OTU_220	Bacteria	Firmicutes	Clostridia	Clostridiales	Lachnospiraceae		
OTU_9	Bacteria	Firmicutes	Bacilli	Lactobacillales	Lactobacillaceae	Lactobacillus	
OTU_336	Bacteria	Firmicutes	Bacilli	Lactobacillales	Lactobacillaceae		
OTU_330	Bacteria	Firmicutes	Clostridia	Clostridiales			
OTU_222	Bacteria	Firmicutes	Clostridia	Clostridiales	Lachnospiraceae		
OTU_67	Bacteria	Bacteroidetes	Bacteroidia	Bacteroidales	Rikenellaceae		
OTU_499	Bacteria	Bacteroidetes	Bacteroidia	Bacteroidales	Rikenellaceae		
OTU_346	Bacteria	Firmicutes	Clostridia	Clostridiales			
OTU_418	Bacteria	Tenericutes	Mollicutes	RF39			
OTU_268	Bacteria	Firmicutes	Clostridia	Clostridiales	Ruminococcaceae		
OTU_107	Bacteria	Actinobacteria	Coriobacteriia	Coriobacteriales	Coriobacteriaceae	Adlercreutzia	
OTU_64	Bacteria	Firmicutes	Clostridia	Clostridiales			
OTU_381	Bacteria	Firmicutes	Clostridia	Clostridiales			
OTU_27	Bacteria	Firmicutes	Clostridia	Clostridiales			
OTU_384	Bacteria	Firmicutes	Clostridia	Clostridiales			
OTU_146	Bacteria	Firmicutes	Clostridia	Clostridiales			
OTU_288	Bacteria	Firmicutes	Clostridia	Clostridiales	Lachnospiraceae	[Ruminococcus]	gnavus
OTU_23	Bacteria	Firmicutes	Clostridia	Clostridiales	Lachnospiraceae		
OTU_82	Bacteria	Firmicutes	Clostridia	Clostridiales			
OTU_182	Bacteria	Firmicutes	Clostridia	Clostridiales	Ruminococcaceae		
OTU_321	Bacteria	Firmicutes	Clostridia	Clostridiales	Ruminococcaceae		
OTU_243	Bacteria	Firmicutes	Clostridia	Clostridiales	Lachnospiraceae	Dorea	
OTU_366	Bacteria	Bacteroidetes	Bacteroidia	Bacteroidales	Prevotellaceae	Prevotella	
OTU_24	Bacteria	Firmicutes	Clostridia	Clostridiales			
OTU_261	Bacteria	Firmicutes	Clostridia	Clostridiales			
OTU_420	Bacteria	Firmicutes	Clostridia	Clostridiales			
OTU_49	Bacteria	Firmicutes	Clostridia	Clostridiales			
OTU_299	Bacteria	Firmicutes	Clostridia	Clostridiales			
OTU_13	Bacteria	Tenericutes	Mollicutes	Anaeroplasmatales	Anaeroplasmataceae	Anaeroplasma	
OTU_311	Bacteria	Firmicutes	Clostridia	Clostridiales			
OTU_109	Bacteria	Firmicutes	Bacilli	Bacillales	Listeriaceae		
OTU_486	Bacteria	Firmicutes	Clostridia	Clostridiales	Ruminococcaceae		
OTU_314	Bacteria	Firmicutes	Clostridia	Clostridiales			
OTU_379	Bacteria	Firmicutes	Clostridia	Clostridiales			
OTU_36	Bacteria	Bacteroidetes	Bacteroidia	Bacteroidales	S24-7		
OTU_389	Bacteria	Bacteroidetes	Bacteroidia	Bacteroidales	S24-7		
OTU_300	Bacteria	Firmicutes	Clostridia	Clostridiales			
OTU_266	Bacteria	Firmicutes	Clostridia	Clostridiales	[Mogibacteriaceae]		
OTU_142	Bacteria	Bacteroidetes	Bacteroidia	Bacteroidales	S24-7		
OTU_165	Bacteria	Firmicutes	Clostridia	Clostridiales	Lachnospiraceae		
OTU_497	Bacteria	Firmicutes	Clostridia	Clostridiales	Lachnospiraceae	Coprococcus	
OTU_171	Bacteria	Firmicutes	Clostridia	Clostridiales	Ruminococcaceae		
OTU_83	Bacteria	Firmicutes	Clostridia	Clostridiales	Lachnospiraceae		
OTU_373	Bacteria	Firmicutes	Clostridia	Clostridiales	Ruminococcaceae		
OTU_432	Bacteria	Firmicutes	Clostridia	Clostridiales	Ruminococcaceae	Oscillospira	
OTU_48	Bacteria	Firmicutes	Clostridia	Clostridiales			
OTU_136	Bacteria	Firmicutes	Clostridia	Clostridiales	Lachnospiraceae		
OTU_206	Bacteria	Firmicutes	Clostridia	Clostridiales			
OTU_246	Bacteria	Firmicutes	Clostridia	Clostridiales	Ruminococcaceae	Oscillospira	
OTU_164	Bacteria	Firmicutes	Clostridia	Clostridiales			
OTU_75	Bacteria	Firmicutes	Clostridia	Clostridiales			
OTU_161	Bacteria	Firmicutes	Clostridia	Clostridiales	Lachnospiraceae		
OTU_94	Bacteria	Firmicutes	Clostridia	Clostridiales	Ruminococcaceae		
OTU_108	Bacteria	Firmicutes	Clostridia	Clostridiales			
OTU_390	Bacteria	Bacteroidetes	Bacteroidia	Bacteroidales	S24-7		
OTU_104	Bacteria	Firmicutes	Clostridia	Clostridiales			
OTU_409	Bacteria	Firmicutes	Clostridia	Clostridiales	Ruminococcaceae	Oscillospira	
OTU_437	Bacteria	Firmicutes	Clostridia	Clostridiales	Ruminococcaceae	Ruminococcus	
OTU_43	Bacteria	Firmicutes	Clostridia	Clostridiales			
OTU_278	Bacteria	Firmicutes	Clostridia	Clostridiales	Ruminococcaceae		
OTU_258	Bacteria	Firmicutes	Clostridia	Clostridiales	Ruminococcaceae	Oscillospira	
OTU_189	Bacteria	Firmicutes	Clostridia	Clostridiales	Ruminococcaceae		
OTU_320	Bacteria	Firmicutes	Clostridia	Clostridiales			
OTU_339	Bacteria	Firmicutes	Clostridia	Clostridiales	Lachnospiraceae		
OTU_193	Bacteria	Firmicutes	Clostridia	Clostridiales	Ruminococcaceae		
OTU_10	Bacteria	Firmicutes	Clostridia	Clostridiales			
OTU_362	Bacteria	Firmicutes	Clostridia	Clostridiales	Ruminococcaceae	Oscillospira	
OTU_527	Bacteria	Firmicutes	Clostridia	Clostridiales	Ruminococcaceae	Ruminococcus	
OTU_56	Bacteria	Firmicutes	Clostridia	Clostridiales			
OTU_39	Bacteria	Firmicutes	Clostridia	Clostridiales			
OTU_51	Bacteria	Firmicutes	Clostridia	Clostridiales	Lachnospiraceae		
OTU_151	Bacteria	Firmicutes	Clostridia	Clostridiales			
OTU_286	Bacteria	Firmicutes	Clostridia	Clostridiales			
OTU_31	Bacteria	Firmicutes	Clostridia	Clostridiales			
OTU_249	Bacteria	Firmicutes	Clostridia	Clostridiales	Lachnospiraceae		
OTU_353	Bacteria	Firmicutes	Clostridia	Clostridiales	Ruminococcaceae	Ruminococcus	
OTU_96	Bacteria	Bacteroidetes	Bacteroidia	Bacteroidales	S24-7		
OTU_30	Bacteria	Cyanobacteria	4C0d-2	YS2			
OTU_252	Bacteria	Firmicutes	Clostridia	Clostridiales			
OTU_335	Bacteria	Firmicutes	Clostridia	Clostridiales	Ruminococcaceae	Ruminococcus	
OTU_76	Bacteria	Firmicutes	Clostridia	Clostridiales	Ruminococcaceae		
OTU_305	Bacteria	Firmicutes	Clostridia	Clostridiales			
OTU_417	Bacteria	Firmicutes	Clostridia	Clostridiales	Ruminococcaceae		
OTU_403	Bacteria	Bacteroidetes	Bacteroidia	Bacteroidales	S24-7		
OTU_244	Bacteria	Firmicutes	Clostridia	Clostridiales			
OTU_42	Bacteria	Bacteroidetes	Bacteroidia	Bacteroidales	S24-7		
OTU_169	Bacteria	Firmicutes	Bacilli	Lactobacillales	Streptococcaceae	Streptococcus	
OTU_238	Bacteria	Firmicutes	Clostridia	Clostridiales	Lachnospiraceae		
OTU_227	Bacteria	Tenericutes	Mollicutes	RF39			
OTU_264	Bacteria	Firmicutes	Clostridia	Clostridiales	Lachnospiraceae		
OTU_439	Bacteria	Firmicutes	Clostridia	Clostridiales	Ruminococcaceae	Oscillospira	
OTU_101	Bacteria	Firmicutes	Erysipelotrichi	Erysipelotrichales	Erysipelotrichaceae	Allobaculum	
OTU_89	Bacteria	Firmicutes	Clostridia	Clostridiales			
OTU_184	Bacteria	Firmicutes	Clostridia	Clostridiales			
OTU_421	Bacteria	Firmicutes	Clostridia	Clostridiales	Ruminococcaceae		
OTU_512	Bacteria	Actinobacteria	Coriobacteriia	Coriobacteriales	Coriobacteriaceae	Adlercreutzia	
OTU_237	Bacteria	Firmicutes	Clostridia	Clostridiales			
OTU_192	Bacteria	Firmicutes	Clostridia	Clostridiales	Ruminococcaceae	Ruminococcus	
OTU_279	Bacteria	Firmicutes	Clostridia	Clostridiales	Clostridiaceae	Clostridium	
OTU_224	Bacteria	Firmicutes	Clostridia	Clostridiales			
OTU_324	Bacteria	Firmicutes	Clostridia	Clostridiales			
OTU_480	Bacteria	Firmicutes	Clostridia	Clostridiales			
OTU_132	Bacteria	Firmicutes	Clostridia	Clostridiales			
OTU_80	Bacteria	Cyanobacteria	4C0d-2	YS2			
OTU_187	Bacteria	Firmicutes	Clostridia	Clostridiales	Ruminococcaceae	Oscillospira	
OTU_255	Bacteria	Firmicutes	Clostridia	Clostridiales			
OTU_204	Bacteria	Firmicutes	Clostridia	Clostridiales	Ruminococcaceae	Ruminococcus	
OTU_270	Bacteria	Firmicutes	Clostridia	Clostridiales			
OTU_267	Bacteria	Firmicutes	Clostridia	Clostridiales			
OTU_172	Bacteria	Firmicutes	Clostridia	Clostridiales			
OTU_195	Bacteria	Bacteroidetes	Bacteroidia	Bacteroidales	S24-7		
OTU_416	Bacteria	Firmicutes	Clostridia	Clostridiales			
OTU_342	Bacteria	Firmicutes	Clostridia	Clostridiales	Lachnospiraceae	Coprococcus	
OTU_133	Bacteria	Firmicutes	Erysipelotrichi	Erysipelotrichales	Erysipelotrichaceae	Coprobacillus	
OTU_442	Bacteria	Firmicutes	Clostridia	Clostridiales	Lachnospiraceae		
OTU_462	Bacteria	Firmicutes	Clostridia	Clostridiales	Lachnospiraceae		
OTU_74	Bacteria	Bacteroidetes	Bacteroidia	Bacteroidales	S24-7		
OTU_528	Bacteria	Bacteroidetes	Bacteroidia	Bacteroidales	S24-7		
OTU_176	Bacteria	Firmicutes	Clostridia	Clostridiales			
OTU_275	Bacteria	Firmicutes	Clostridia	Clostridiales			
OTU_157	Bacteria	Firmicutes	Clostridia	Clostridiales	Ruminococcaceae		
OTU_191	Bacteria	Firmicutes	Clostridia	Clostridiales	Lachnospiraceae	Coprococcus	
OTU_393	Bacteria	Firmicutes	Clostridia	Clostridiales	Lachnospiraceae		
OTU_485	Bacteria	Actinobacteria	Coriobacteriia	Coriobacteriales	Coriobacteriaceae	Adlercreutzia	
OTU_167	Bacteria	Firmicutes	Clostridia	Clostridiales			
OTU_392	Bacteria	Firmicutes	Clostridia	Clostridiales			
OTU_143	Bacteria	Actinobacteria	Coriobacteriia	Coriobacteriales	Coriobacteriaceae	Adlercreutzia	
OTU_502	Bacteria	Actinobacteria	Coriobacteriia	Coriobacteriales	Coriobacteriaceae	Adlercreutzia	
OTU_319	Bacteria	Firmicutes	Clostridia	Clostridiales	Ruminococcaceae	Oscillospira	
OTU_433	Bacteria	Firmicutes	Clostridia	Clostridiales	Ruminococcaceae	Oscillospira	
OTU_329	Bacteria	Firmicutes	Clostridia	Clostridiales			
OTU_77	Bacteria	Firmicutes	Clostridia	Clostridiales	Lachnospiraceae		
OTU_113	Bacteria	Firmicutes	Clostridia	Clostridiales			
OTU_415	Bacteria	Firmicutes	Clostridia	Clostridiales			
OTU_70	Bacteria	Bacteroidetes	Bacteroidia	Bacteroidales	Porphyromonadaceae	Parabacteroides	
OTU_90	Bacteria	Firmicutes	Clostridia	Clostridiales	Lachnospiraceae	[Ruminococcus]	gnavus
OTU_284	Bacteria	Firmicutes	Clostridia	Clostridiales	Ruminococcaceae		
OTU_186	Bacteria	Firmicutes	Clostridia	Clostridiales	Ruminococcaceae	Oscillospira	
OTU_375	Bacteria	Firmicutes	Clostridia	Clostridiales	Ruminococcaceae		
OTU_404	Bacteria	Firmicutes	Clostridia	Clostridiales			
OTU_35	Bacteria	Bacteroidetes	Bacteroidia	Bacteroidales	[Paraprevotellaceae]	[Prevotella]	
OTU_63	Bacteria	Firmicutes	Clostridia	Clostridiales			
OTU_306	Bacteria	Firmicutes	Clostridia	Clostridiales			
OTU_85	Bacteria	Firmicutes	Clostridia	Clostridiales	Lachnospiraceae		
OTU_468	Bacteria	Firmicutes	Clostridia	Clostridiales	Ruminococcaceae		
OTU_460	Bacteria	Bacteroidetes	Bacteroidia	Bacteroidales	S24-7		
OTU_410	Bacteria	Firmicutes	Clostridia	Clostridiales			
OTU_163	Bacteria	Firmicutes	Clostridia	Clostridiales	Ruminococcaceae		
OTU_181	Bacteria	Firmicutes	Clostridia	Clostridiales			
OTU_179	Bacteria	Firmicutes	Erysipelotrichi	Erysipelotrichales	Erysipelotrichaceae		
OTU_154	Bacteria	Firmicutes	Clostridia	Clostridiales			
OTU_202	Bacteria	Firmicutes	Clostridia	Clostridiales	Lachnospiraceae		
OTU_290	Bacteria	Firmicutes	Clostridia	Clostridiales			
OTU_359	Bacteria	Firmicutes	Clostridia	Clostridiales			
OTU_44	Bacteria	Firmicutes	Clostridia	Clostridiales			
OTU_398	Bacteria	Firmicutes	Clostridia	Clostridiales	Ruminococcaceae	Oscillospira	
OTU_62	Bacteria	Firmicutes	Clostridia	Clostridiales			
OTU_210	Bacteria	Firmicutes	Clostridia	Clostridiales	[Mogibacteriaceae]		
OTU_289	Bacteria	Firmicutes	Clostridia	Clostridiales	Lachnospiraceae		
OTU_429	Bacteria	Firmicutes	Clostridia	Clostridiales			
OTU_180	Bacteria	Firmicutes	Clostridia	Clostridiales	Clostridiaceae		
OTU_177	Bacteria	Firmicutes	Clostridia	Clostridiales	Lachnospiraceae		
OTU_14	Bacteria	Bacteroidetes	Bacteroidia	Bacteroidales	Rikenellaceae		
OTU_408	Bacteria	Bacteroidetes	Bacteroidia	Bacteroidales	Rikenellaceae		
OTU_118	Bacteria	Firmicutes	Clostridia	Clostridiales			
OTU_378	Bacteria	Firmicutes	Clostridia	Clostridiales			
OTU_232	Bacteria	Firmicutes	Clostridia	Clostridiales	Ruminococcaceae	Oscillospira	
OTU_93	Bacteria	Bacteroidetes	Bacteroidia	Bacteroidales	S24-7		
OTU_296	Bacteria	Firmicutes	Clostridia	Clostridiales	Ruminococcaceae		
OTU_125	Bacteria	Firmicutes	Clostridia	Clostridiales			
OTU_391	Bacteria	Firmicutes	Clostridia	Clostridiales			
OTU_15	Bacteria	Firmicutes	Clostridia	Clostridiales			
OTU_66	Bacteria	Firmicutes	Clostridia	Clostridiales	Lachnospiraceae		
OTU_365	Bacteria	Firmicutes	Clostridia	Clostridiales			
OTU_386	Bacteria	Firmicutes	Clostridia	Clostridiales			
OTU_448	Bacteria	Firmicutes	Clostridia	Clostridiales			
OTU_131	Bacteria	Firmicutes	Clostridia	Clostridiales			
OTU_496	Bacteria	Firmicutes	Clostridia	Clostridiales			
OTU_294	Bacteria	Firmicutes	Clostridia	Clostridiales			
OTU_198	Bacteria	Firmicutes	Clostridia	Clostridiales	Lachnospiraceae		
OTU_309	Bacteria	Firmicutes	Clostridia	Clostridiales	Dehalobacteriaceae	Dehalobacterium	
OTU_175	Bacteria	Firmicutes	Clostridia	Clostridiales			
OTU_140	Bacteria	Firmicutes	Clostridia	Clostridiales	Lachnospiraceae	Coprococcus	
OTU_368	Bacteria	Firmicutes	Clostridia	Clostridiales	Ruminococcaceae	Ruminococcus	
OTU_303	Bacteria	Firmicutes	Clostridia	Clostridiales	Ruminococcaceae	Oscillospira	
OTU_312	Bacteria	Firmicutes	Clostridia	Clostridiales			
OTU_351	Bacteria	Firmicutes	Clostridia	Clostridiales	Ruminococcaceae		
OTU_332	Bacteria	Firmicutes	Clostridia	Clostridiales			
OTU_98	Bacteria	Bacteroidetes	Bacteroidia	Bacteroidales	S24-7		
OTU_383	Bacteria	Firmicutes	Clostridia	Clostridiales	Lachnospiraceae		
OTU_97	Bacteria	Firmicutes	Clostridia	Clostridiales			
OTU_257	Bacteria	Firmicutes	Clostridia	Clostridiales	Ruminococcaceae	Ruminococcus	
OTU_52	Bacteria	Firmicutes	Clostridia	Clostridiales			
OTU_407	Bacteria	Firmicutes	Clostridia	Clostridiales	Ruminococcaceae		
OTU_17	Bacteria	Firmicutes	Clostridia	Clostridiales	Ruminococcaceae	Ruminococcus	
OTU_253	Bacteria	Tenericutes	Mollicutes	RF39			
OTU_322	Bacteria	Tenericutes	Mollicutes	RF39			
OTU_483	Bacteria	Tenericutes	Mollicutes	RF39			
OTU_32	Bacteria	Firmicutes	Clostridia	Clostridiales			
OTU_233	Bacteria	Firmicutes	Clostridia	Clostridiales			
OTU_26	Bacteria	Bacteroidetes	Bacteroidia	Bacteroidales	Bacteroidaceae	Bacteroides	acidifaciens
OTU_183	Bacteria	Firmicutes	Clostridia	Clostridiales	Lachnospiraceae		
OTU_226	Bacteria	Firmicutes	Clostridia	Clostridiales	Ruminococcaceae	Ruminococcus	
OTU_234	Bacteria	Firmicutes	Clostridia	Clostridiales			
OTU_349	Bacteria	Firmicutes	Clostridia	Clostridiales			
OTU_331	Bacteria	Firmicutes	Clostridia	Clostridiales			
OTU_99	Bacteria	Bacteroidetes	Bacteroidia	Bacteroidales	S24-7		
OTU_231	Bacteria	Firmicutes	Clostridia	Clostridiales			
OTU_388	Bacteria	Firmicutes	Clostridia	Clostridiales			
OTU_144	Bacteria	Firmicutes	Clostridia	Clostridiales			
OTU_411	Bacteria	Firmicutes	Clostridia	Clostridiales			
OTU_245	Bacteria	Bacteroidetes	Bacteroidia	Bacteroidales	S24-7		
OTU_235	Bacteria	Firmicutes	Clostridia	Clostridiales			
OTU_262	Bacteria	Tenericutes	Mollicutes	RF39			
OTU_400	Bacteria	Firmicutes	Clostridia	Clostridiales	Ruminococcaceae	Oscillospira	
OTU_7	Bacteria	Bacteroidetes	Bacteroidia	Bacteroidales	Rikenellaceae		
OTU_277	Bacteria	Bacteroidetes	Bacteroidia	Bacteroidales	Rikenellaceae		
OTU_95	Bacteria	Firmicutes	Clostridia	Clostridiales	Ruminococcaceae	Ruminococcus	
OTU_280	Bacteria	Firmicutes	Erysipelotrichi	Erysipelotrichales	Erysipelotrichaceae		
OTU_1	Bacteria	Bacteroidetes	Bacteroidia	Bacteroidales	Bacteroidaceae	Bacteroides	
OTU_33	Bacteria	TM7	TM7-3	CW040	F16		
OTU_126	Bacteria	TM7	TM7-3	CW040	F16		
OTU_484	Bacteria	TM7	TM7-3	CW040	F16		
OTU_8	Bacteria	Firmicutes	Clostridia	Clostridiales			
OTU_479	Bacteria	Firmicutes	Clostridia	Clostridiales			
OTU_225	Bacteria	Firmicutes	Clostridia	Clostridiales	Lachnospiraceae		
OTU_121	Bacteria	Firmicutes	Clostridia	Clostridiales			
OTU_474	Bacteria	Firmicutes	Clostridia	Clostridiales	Lachnospiraceae	Blautia	
OTU_323	Bacteria	Firmicutes	Clostridia	Clostridiales	Ruminococcaceae		
OTU_466	Bacteria	Firmicutes	Clostridia	Clostridiales	Ruminococcaceae		
OTU_297	Bacteria	Firmicutes	Clostridia	Clostridiales	Lachnospiraceae	Coprococcus	
OTU_441	Bacteria	Firmicutes	Clostridia	Clostridiales			
OTU_452	Bacteria	Firmicutes	Clostridia	Clostridiales	Lachnospiraceae	[Ruminococcus]	gnavus
OTU_16	Bacteria	Firmicutes	Clostridia	Clostridiales	Ruminococcaceae	Ruminococcus	
OTU_304	Bacteria	Proteobacteria	Deltaproteobacteria	Desulfovibrionales	Desulfovibrionaceae	Desulfovibrio	C21_c20
OTU_396	Bacteria	Firmicutes	Clostridia	Clostridiales			
OTU_328	Bacteria	Firmicutes	Clostridia	Clostridiales			
OTU_87	Bacteria	Firmicutes	Clostridia	Clostridiales			
OTU_168	Bacteria	Firmicutes	Clostridia	Clostridiales			
OTU_316	Bacteria	Firmicutes	Clostridia	Clostridiales			
OTU_453	Bacteria	Firmicutes	Clostridia	Clostridiales			
OTU_358	Bacteria	Firmicutes	Clostridia	Clostridiales			
OTU_367	Bacteria	Firmicutes	Clostridia	Clostridiales			
OTU_223	Bacteria	Firmicutes	Clostridia	Clostridiales			
