OTU	Kingdom	Phylum	Class	Order	Family	Genus	Specie
OTU_220	Bacteria	Firmicutes	Clostridia	Clostridiales	Lachnospiraceae		
OTU_293	Bacteria	Firmicutes	Clostridia	Clostridiales	Ruminococcaceae	Oscillibacter	
OTU_127	Bacteria	Firmicutes	Clostridia	Clostridiales	Lachnospiraceae		
OTU_509	Bacteria	Firmicutes	Clostridia	Clostridiales	Lachnospiraceae		
OTU_102	Bacteria	Bacteroidetes	Bacteroidia	Bacteroidales	Muribaculaceae	Muribaculum	
OTU_401	Bacteria	Firmicutes	Clostridia	Clostridiales	Lachnospiraceae		
OTU_322	Bacteria	Tenericutes	Mollicutes				
OTU_451	Bacteria	Firmicutes	Clostridia	Clostridiales	Ruminococcaceae		
OTU_485	Bacteria	Actinobacteria	Coriobacteriia	Coriobacteriales	Eggerthellaceae	Enterorhabdus	
OTU_474	Bacteria	Firmicutes	Clostridia	Clostridiales	Lachnospiraceae	Blautia	
OTU_299	Bacteria	Firmicutes	Clostridia	Clostridiales	Ruminococcaceae	Ruminococcus 1	
OTU_404	Bacteria	Firmicutes	Clostridia	Clostridiales	Lachnospiraceae		
OTU_92	Bacteria	Firmicutes	Clostridia	Clostridiales	Ruminococcaceae	Oscillibacter	
OTU_1	Bacteria	Bacteroidetes	Bacteroidia	Bacteroidales	Bacteroidaceae	Bacteroides	
OTU_301	Bacteria	Firmicutes	Clostridia	Clostridiales	Ruminococcaceae	Harryflintia	
OTU_390	Bacteria	Bacteroidetes	Bacteroidia	Bacteroidales	Muribaculaceae		
OTU_282	Bacteria	Firmicutes	Clostridia	Clostridiales	Lachnospiraceae		
OTU_486	Bacteria	Firmicutes	Clostridia	Clostridiales	Ruminococcaceae	Ruminococcaceae UCG-005	uncultured Clostridiales bacterium
OTU_229	Bacteria	Bacteroidetes	Bacteroidia	Bacteroidales	Muribaculaceae		
OTU_133	Bacteria	Firmicutes	Erysipelotrichia	Erysipelotrichales	Erysipelotrichaceae		
OTU_21	Bacteria	Firmicutes	Clostridia	Clostridiales	Lachnospiraceae	Lachnospiraceae NK4A136 group	
OTU_420	Bacteria	Firmicutes	Clostridia	Clostridiales	Lachnospiraceae		
OTU_274	Bacteria	Firmicutes	Clostridia	Clostridiales	Clostridiales vadinBB60 group		
OTU_410	Bacteria	Firmicutes	Clostridia	Clostridiales	Lachnospiraceae	Lachnospiraceae NK4A136 group	
OTU_158	Bacteria	Firmicutes	Clostridia	Clostridiales	Lachnospiraceae	Lachnoclostridium	
OTU_265	Bacteria	Proteobacteria	Gammaproteobacteria	Betaproteobacteriales	Burkholderiaceae	Parasutterella	
OTU_48	Bacteria	Firmicutes	Clostridia	Clostridiales	Lachnospiraceae		
OTU_225	Bacteria	Firmicutes	Clostridia	Clostridiales	Lachnospiraceae		
OTU_99	Bacteria	Bacteroidetes	Bacteroidia	Bacteroidales	Muribaculaceae		
OTU_213	Bacteria	Firmicutes	Clostridia	Clostridiales	Ruminococcaceae	Ruminiclostridium 5	
OTU_150	Bacteria	Firmicutes	Clostridia	Clostridiales	Lachnospiraceae		
OTU_281	Bacteria	Firmicutes	Clostridia	Clostridiales	Lachnospiraceae		
OTU_8	Bacteria	Firmicutes	Clostridia	Clostridiales	Ruminococcaceae	Ruminococcaceae UCG-014	
OTU_479	Bacteria	Firmicutes	Clostridia	Clostridiales	Ruminococcaceae		
OTU_6	Bacteria	Firmicutes	Bacilli	Lactobacillales	Lactobacillaceae	Lactobacillus	
OTU_444	Bacteria	Cyanobacteria	Oxyphotobacteria	Chloroplast	Triticum polonicum		
OTU_111	Bacteria	Firmicutes	Clostridia	Clostridiales	Ruminococcaceae	Ruminococcaceae UCG-014	
OTU_193	Bacteria	Firmicutes	Clostridia	Clostridiales	Ruminococcaceae		
OTU_397	Bacteria	Firmicutes	Clostridia	Clostridiales	Ruminococcaceae	Oscillibacter	
OTU_416	Bacteria	Firmicutes	Clostridia	Clostridiales	Lachnospiraceae	Lachnospiraceae NK4A136 group	
OTU_472	Bacteria	Firmicutes	Clostridia	Clostridiales	Lachnospiraceae	Lachnospiraceae UCG-008	
OTU_304	Bacteria	Proteobacteria	Deltaproteobacteria	Desulfovibrionales	Desulfovibrionaceae	Desulfovibrio	
OTU_71	Bacteria	Firmicutes	Clostridia	Clostridiales	Clostridiales vadinBB60 group		
OTU_515	Bacteria	Firmicutes	Clostridia	Clostridiales	Defluviitaleaceae	Defluviitaleaceae UCG-011	
OTU_113	Bacteria	Firmicutes	Clostridia	Clostridiales	Lachnospiraceae	Lachnospiraceae NK4A136 group	
OTU_37	Bacteria	Firmicutes	Clostridia	Clostridiales	Lachnospiraceae	Lachnoclostridium	
OTU_35	Bacteria	Bacteroidetes	Bacteroidia	Bacteroidales	Prevotellaceae	Alloprevotella	
OTU_55	Bacteria	Firmicutes	Clostridia	Clostridiales	Clostridiaceae 1	Candidatus Arthromitus	Candidatus Arthromitus sp. SFB-mouse-Yit
OTU_399	Bacteria	Firmicutes	Clostridia	Clostridiales	Lachnospiraceae		
OTU_217	Bacteria	Firmicutes	Clostridia	Clostridiales	Lachnospiraceae		
OTU_467	Bacteria	Firmicutes	Clostridia	Clostridiales	Ruminococcaceae		metagenome
OTU_207	Bacteria	Firmicutes	Clostridia	Clostridiales	Ruminococcaceae	Ruminococcaceae UCG-014	
OTU_237	Bacteria	Firmicutes	Clostridia	Clostridiales	Lachnospiraceae		
OTU_254	Bacteria	Firmicutes	Clostridia	Clostridiales	Lachnospiraceae		
OTU_360							
OTU_377							
OTU_428	Bacteria						
OTU_503							
OTU_58	Bacteria	Firmicutes	Clostridia	Clostridiales	Ruminococcaceae	[Eubacterium] coprostanoligenes group	
OTU_319	Bacteria	Firmicutes	Clostridia	Clostridiales	Ruminococcaceae	Oscillibacter	
OTU_439	Bacteria	Firmicutes	Clostridia	Clostridiales	Ruminococcaceae		
OTU_23	Bacteria	Firmicutes	Clostridia	Clostridiales	Lachnospiraceae		
OTU_114	Bacteria	Firmicutes	Clostridia	Clostridiales	Family XIII	[Eubacterium] nodatum group	
OTU_171	Bacteria	Firmicutes	Clostridia	Clostridiales	Ruminococcaceae	Ruminococcaceae NK4A214 group	
OTU_324	Bacteria	Firmicutes	Clostridia	Clostridiales	Lachnospiraceae		
OTU_118	Bacteria	Firmicutes	Clostridia	Clostridiales	Ruminococcaceae	Ruminococcaceae UCG-014	
OTU_378	Bacteria	Firmicutes	Clostridia	Clostridiales	Ruminococcaceae	Ruminococcaceae UCG-014	
OTU_384	Bacteria	Firmicutes	Clostridia	Clostridiales	Lachnospiraceae		
OTU_30	Bacteria	Cyanobacteria	Melainabacteria	Gastranaerophilales			
OTU_141	Bacteria	Firmicutes	Clostridia	Clostridiales	Ruminococcaceae	Ruminococcaceae UCG-014	
OTU_43	Bacteria	Firmicutes	Clostridia	Clostridiales	Lachnospiraceae	Lachnospiraceae NK4A136 group	
OTU_26	Bacteria	Bacteroidetes	Bacteroidia	Bacteroidales	Bacteroidaceae	Bacteroides	
OTU_56	Bacteria	Firmicutes	Clostridia	Clostridiales	Clostridiales vadinBB60 group		
OTU_258	Bacteria	Firmicutes	Clostridia	Clostridiales	Ruminococcaceae	Oscillibacter	
OTU_103	Bacteria	Firmicutes	Clostridia	Clostridiales	Lachnospiraceae	GCA-900066575	
OTU_109	Bacteria	Firmicutes	Bacilli	Bacillales	Listeriaceae	Listeria	Listeria monocytogenes serotype 4b str. F2365
OTU_449	Bacteria	Firmicutes	Clostridia	Clostridiales	Lachnospiraceae	GCA-900066575	
OTU_375	Bacteria	Firmicutes	Clostridia	Clostridiales	Ruminococcaceae		
OTU_240	Bacteria	Firmicutes	Clostridia	Clostridiales	Lachnospiraceae		
OTU_34	Bacteria	Firmicutes	Clostridia	Clostridiales	Ruminococcaceae	Ruminococcaceae UCG-014	
OTU_212	Bacteria	Firmicutes	Clostridia	Clostridiales	Ruminococcaceae	Ruminiclostridium 5	
OTU_232	Bacteria	Firmicutes	Clostridia	Clostridiales	Ruminococcaceae	Ruminiclostridium 9	uncultured Clostridiales bacterium
OTU_208	Bacteria	Firmicutes	Erysipelotrichia	Erysipelotrichales	Erysipelotrichaceae		
OTU_4	Bacteria	Cyanobacteria	Oxyphotobacteria	Synechococcales	Cyanobiaceae	Synechococcus CC9902	metagenome
OTU_32	Bacteria	Cyanobacteria	Oxyphotobacteria	Synechococcales	Cyanobiaceae	Synechococcus CC9902	metagenome
OTU_145	Bacteria	Cyanobacteria	Oxyphotobacteria	Synechococcales	Cyanobiaceae	Synechococcus CC9902	metagenome
OTU_155	Bacteria	Cyanobacteria	Oxyphotobacteria	Synechococcales	Cyanobiaceae		
OTU_275	Bacteria	Cyanobacteria	Oxyphotobacteria	Synechococcales	Cyanobiaceae	Synechococcus CC9902	metagenome
OTU_286	Bacteria	Cyanobacteria	Oxyphotobacteria	Synechococcales	Cyanobiaceae	Synechococcus CC9902	metagenome
OTU_336	Bacteria	Cyanobacteria	Oxyphotobacteria	Synechococcales	Cyanobiaceae	Synechococcus CC9902	
OTU_423	Bacteria	Cyanobacteria	Oxyphotobacteria	Synechococcales	Cyanobiaceae	Synechococcus CC9902	metagenome
OTU_453	Bacteria	Cyanobacteria	Oxyphotobacteria	Synechococcales	Cyanobiaceae	Synechococcus CC9902	metagenome
OTU_459	Bacteria	Cyanobacteria	Oxyphotobacteria	Synechococcales	Cyanobiaceae		
OTU_464	Bacteria	Cyanobacteria	Oxyphotobacteria	Synechococcales	Cyanobiaceae		
OTU_476	Bacteria	Cyanobacteria	Oxyphotobacteria	Synechococcales	Cyanobiaceae		
OTU_484	Bacteria	Cyanobacteria	Oxyphotobacteria	Synechococcales	Cyanobiaceae		
OTU_491	Bacteria	Cyanobacteria	Oxyphotobacteria	Synechococcales	Cyanobiaceae		
OTU_505	Bacteria	Cyanobacteria	Oxyphotobacteria	Synechococcales	Cyanobiaceae		
OTU_507	Bacteria	Cyanobacteria	Oxyphotobacteria	Synechococcales	Cyanobiaceae	Synechococcus CC9902	metagenome
OTU_510	Bacteria	Cyanobacteria	Oxyphotobacteria				
OTU_508	Bacteria	Cyanobacteria	Oxyphotobacteria	Synechococcales	Cyanobiaceae	Synechococcus CC9902	metagenome
OTU_516	Bacteria	Cyanobacteria	Oxyphotobacteria	Synechococcales	Cyanobiaceae		
OTU_519	Bacteria	Cyanobacteria	Oxyphotobacteria	Synechococcales	Cyanobiaceae	Synechococcus CC9902	
OTU_521	Bacteria	Cyanobacteria	Oxyphotobacteria	Synechococcales	Cyanobiaceae		
OTU_289	Bacteria	Firmicutes	Clostridia	Clostridiales	Lachnospiraceae	Lachnospiraceae UCG-008	
OTU_437	Bacteria	Firmicutes	Clostridia	Clostridiales	Ruminococcaceae	Ruminiclostridium 5	
OTU_458	Bacteria	Firmicutes	Clostridia	Clostridiales	Lachnospiraceae	A2	
OTU_20	Bacteria	Firmicutes	Clostridia	Clostridiales	Clostridiales vadinBB60 group		
OTU_115	Bacteria	Bacteroidetes	Bacteroidia	Bacteroidales	Muribaculaceae		
OTU_406	Bacteria	Proteobacteria	Deltaproteobacteria	Desulfovibrionales	Desulfovibrionaceae	Bilophila	
OTU_341	Bacteria	Firmicutes	Clostridia	Clostridiales	Lachnospiraceae	Acetatifactor	
OTU_178	Bacteria	Firmicutes	Clostridia	Clostridiales	Lachnospiraceae		
OTU_117	Bacteria	Firmicutes	Clostridia	Clostridiales	Lachnospiraceae	Lachnospiraceae NK4A136 group	
OTU_290	Bacteria	Firmicutes	Clostridia	Clostridiales	Clostridiales vadinBB60 group		
OTU_359	Bacteria	Firmicutes	Clostridia	Clostridiales	Clostridiales vadinBB60 group		
OTU_462	Bacteria	Firmicutes	Clostridia	Clostridiales	Lachnospiraceae		
OTU_480	Bacteria	Firmicutes	Clostridia	Clostridiales	Lachnospiraceae		
OTU_409	Bacteria	Firmicutes	Clostridia	Clostridiales	Ruminococcaceae		Clostridiales bacterium CIEAF 013
OTU_327	Bacteria	Proteobacteria	Deltaproteobacteria	Desulfobacterales			
OTU_344	Bacteria	Proteobacteria	Deltaproteobacteria	Desulfobacterales			
OTU_357	Bacteria	Proteobacteria	Deltaproteobacteria	Desulfobacterales			
OTU_402	Bacteria	Proteobacteria	Deltaproteobacteria	Desulfobacterales			
OTU_419	Bacteria	Proteobacteria	Deltaproteobacteria	Desulfobacterales	Desulfobulbaceae		
OTU_434	Bacteria	Proteobacteria	Deltaproteobacteria	Desulfobacterales	Desulfobulbaceae	MSBL7	uncultured delta proteobacterium
OTU_478	Bacteria	Proteobacteria	Deltaproteobacteria	Desulfobacterales	Desulfobulbaceae		
OTU_511	Bacteria	Proteobacteria	Deltaproteobacteria	Desulfobacterales			
OTU_231	Bacteria	Firmicutes	Clostridia	Clostridiales	Clostridiales vadinBB60 group		
OTU_309	Bacteria	Firmicutes	Clostridia	Clostridiales	Peptococcaceae		
OTU_15	Bacteria	Firmicutes	Clostridia	Clostridiales	Lachnospiraceae		
OTU_342	Bacteria	Firmicutes	Clostridia	Clostridiales	Lachnospiraceae		
OTU_40	Bacteria	Bacteroidetes	Bacteroidia	Bacteroidales	Bacteroidaceae	Bacteroides	
OTU_483	Bacteria	Tenericutes	Mollicutes	Mollicutes RF39			
OTU_126	Bacteria	Patescibacteria	Saccharimonadia	Saccharimonadales	Saccharimonadaceae	Candidatus Saccharimonas	
OTU_381	Bacteria	Firmicutes	Clostridia	Clostridiales	Lachnospiraceae		
OTU_29	Bacteria	Bacteroidetes	Bacteroidia	Bacteroidales	Muribaculaceae		
OTU_430	Bacteria	Bacteroidetes	Bacteroidia	Bacteroidales	Muribaculaceae		
OTU_64	Bacteria	Firmicutes	Clostridia	Clostridiales	Ruminococcaceae	Ruminococcaceae UCG-014	
OTU_177	Bacteria	Firmicutes	Clostridia	Clostridiales	Lachnospiraceae		
OTU_194	Bacteria	Firmicutes	Clostridia	Clostridiales	Lachnospiraceae		
OTU_22	Bacteria	Bacteroidetes	Bacteroidia	Bacteroidales	Rikenellaceae	Alistipes	
OTU_425	Bacteria	Bacteroidetes	Bacteroidia	Bacteroidales	Rikenellaceae	Alistipes	
OTU_172	Bacteria	Firmicutes	Clostridia	Clostridiales	Lachnospiraceae		
OTU_185	Bacteria	Firmicutes	Clostridia	Clostridiales	Lachnospiraceae	Lachnospiraceae NK4A136 group	
OTU_441	Bacteria	Firmicutes	Clostridia	Clostridiales	Lachnospiraceae		
OTU_267	Bacteria	Firmicutes	Clostridia	Clostridiales	Clostridiales vadinBB60 group		
OTU_70	Bacteria	Bacteroidetes	Bacteroidia	Bacteroidales	Tannerellaceae	Parabacteroides	Parabacteroides goldsteinii
OTU_353	Bacteria	Firmicutes	Clostridia	Clostridiales	Ruminococcaceae	Ruminiclostridium 5	
OTU_405	Bacteria	Firmicutes	Clostridia	Clostridiales	Ruminococcaceae		
OTU_74	Bacteria	Bacteroidetes	Bacteroidia	Bacteroidales	Muribaculaceae		
OTU_528	Bacteria	Bacteroidetes	Bacteroidia	Bacteroidales	Muribaculaceae		
OTU_343	Bacteria	Firmicutes	Clostridia	Clostridiales	Ruminococcaceae	Oscillibacter	
OTU_153	Bacteria	Firmicutes	Clostridia	Clostridiales	Ruminococcaceae	Ruminococcaceae UCG-014	
OTU_241	Bacteria	Firmicutes	Clostridia	Clostridiales	Lachnospiraceae	Lachnospiraceae NK4A136 group	
OTU_164	Bacteria	Firmicutes	Clostridia	Clostridiales	Lachnospiraceae		
OTU_387	Eukaryota	Fungi	Sordariomycetes	Hypocreales	Clavicipitaceae		
OTU_154	Bacteria	Firmicutes	Clostridia	Clostridiales	Ruminococcaceae	Ruminococcaceae UCG-014	
OTU_456	Bacteria	Firmicutes	Clostridia	Clostridiales	Lachnospiraceae	Roseburia	Eubacterium plexicaudatum ASF492
OTU_183	Bacteria	Firmicutes	Clostridia	Clostridiales	Lachnospiraceae	Roseburia	mouse gut metagenome
OTU_433	Bacteria	Firmicutes	Clostridia	Clostridiales	Ruminococcaceae		
OTU_124	Bacteria	Firmicutes	Clostridia	Clostridiales	Lachnospiraceae	Lachnospiraceae UCG-008	
OTU_3	Bacteria	Firmicutes	Erysipelotrichia	Erysipelotrichales	Erysipelotrichaceae	Turicibacter	
OTU_350	Bacteria	Firmicutes	Erysipelotrichia	Erysipelotrichales	Erysipelotrichaceae		
OTU_227	Bacteria	Tenericutes	Mollicutes	Mollicutes RF39			
OTU_272	Bacteria	Firmicutes	Clostridia	Clostridiales	Ruminococcaceae	Oscillibacter	
OTU_263	Bacteria	Firmicutes	Clostridia	Clostridiales	Lachnospiraceae	Blautia	
OTU_373	Bacteria	Firmicutes	Clostridia	Clostridiales	Ruminococcaceae	GCA-900066225	
OTU_436	Bacteria	Kiritimatiellaeota	Kiritimatiellae	WCHB1-41			
OTU_128	Bacteria	Firmicutes	Clostridia	Clostridiales	Ruminococcaceae		
OTU_230	Bacteria	Firmicutes	Clostridia	Clostridiales	Lachnospiraceae		
OTU_186	Bacteria	Firmicutes	Clostridia	Clostridiales	Ruminococcaceae		
OTU_364	Bacteria	Firmicutes	Clostridia	Clostridiales	Lachnospiraceae	A2	
OTU_284	Bacteria	Firmicutes	Clostridia	Clostridiales	Ruminococcaceae	Ruminococcaceae NK4A214 group	
OTU_152	Bacteria	Firmicutes	Clostridia	Clostridiales	Lachnospiraceae	Marvinbryantia	
OTU_136	Bacteria	Firmicutes	Clostridia	Clostridiales	Lachnospiraceae	Roseburia	
OTU_235	Bacteria	Firmicutes	Clostridia	Clostridiales	Clostridiales vadinBB60 group		
OTU_85	Bacteria	Firmicutes	Clostridia	Clostridiales	Lachnospiraceae		
OTU_94	Bacteria	Firmicutes	Clostridia	Clostridiales	Ruminococcaceae	Butyricicoccus	
OTU_250	Bacteria	Firmicutes	Clostridia	Clostridiales	Family XIII	Family XIII AD3011 group	
OTU_244	Bacteria	Firmicutes	Clostridia	Clostridiales	Lachnospiraceae	Lachnospiraceae NK4A136 group	
OTU_53	Bacteria	Firmicutes	Clostridia	Clostridiales	Lachnospiraceae		
OTU_271	Bacteria	Firmicutes	Clostridia	Clostridiales	Ruminococcaceae	Ruminiclostridium 5	
OTU_255	Bacteria	Firmicutes	Clostridia	Clostridiales	Lachnospiraceae		
OTU_358	Bacteria	Firmicutes	Clostridia	Clostridiales	Clostridiales vadinBB60 group		
OTU_270	Bacteria	Firmicutes	Clostridia	Clostridiales	Lachnospiraceae		
OTU_33	Bacteria	Patescibacteria	Saccharimonadia	Saccharimonadales	Saccharimonadaceae	Candidatus Saccharimonas	
OTU_221	Bacteria	Firmicutes	Clostridia	Clostridiales	Lachnospiraceae	Lachnospiraceae NK4A136 group	
OTU_88	Bacteria	Firmicutes	Clostridia	Clostridiales	Lachnospiraceae	Lachnospiraceae NK4A136 group	
OTU_279	Bacteria	Firmicutes	Clostridia	Clostridiales	Ruminococcaceae	Ruminococcaceae UCG-013	
OTU_110	Bacteria	Firmicutes	Clostridia	Clostridiales	Ruminococcaceae	Ruminococcaceae UCG-014	
OTU_502	Bacteria	Actinobacteria	Coriobacteriia	Coriobacteriales	Eggerthellaceae	Enterorhabdus	
OTU_157	Bacteria	Firmicutes	Clostridia	Clostridiales	Ruminococcaceae	Ruminiclostridium	
OTU_146	Bacteria	Firmicutes	Clostridia	Clostridiales	Clostridiales vadinBB60 group		
OTU_414	Bacteria	Firmicutes	Clostridia	Clostridiales	Family XIII	Family XIII AD3011 group	
OTU_253	Bacteria	Tenericutes	Mollicutes	Mollicutes RF39			
OTU_191	Bacteria	Firmicutes	Clostridia	Clostridiales	Lachnospiraceae	Acetitomaculum	
OTU_457	Bacteria	Firmicutes	Clostridia	Clostridiales	Lachnospiraceae	Blautia	
OTU_314	Bacteria	Firmicutes	Clostridia	Clostridiales	Clostridiales vadinBB60 group		
OTU_379	Bacteria	Firmicutes	Clostridia	Clostridiales	Clostridiales vadinBB60 group		
OTU_321	Bacteria	Firmicutes	Clostridia	Clostridiales	Ruminococcaceae		
OTU_199	Bacteria	Firmicutes	Clostridia	Clostridiales	Lachnospiraceae		
OTU_170	Bacteria	Firmicutes	Clostridia	Clostridiales	Lachnospiraceae	Roseburia	
OTU_144	Bacteria	Firmicutes	Clostridia	Clostridiales	Ruminococcaceae	Ruminococcaceae UCG-014	
OTU_119	Bacteria	Firmicutes	Clostridia	Clostridiales	Ruminococcaceae	Ruminococcaceae UCG-009	
OTU_445	Bacteria	Firmicutes	Clostridia	Clostridiales	Lachnospiraceae		
OTU_356	Bacteria	Firmicutes	Clostridia	Clostridiales	Lachnospiraceae	Lachnospiraceae UCG-008	
OTU_280	Bacteria	Firmicutes	Erysipelotrichia	Erysipelotrichales	Erysipelotrichaceae		
OTU_320	Bacteria	Firmicutes	Clostridia	Clostridiales	Lachnospiraceae		
OTU_57	Bacteria	Firmicutes	Clostridia	Clostridiales	Lachnospiraceae		
OTU_256	Bacteria	Firmicutes	Clostridia	Clostridiales	Lachnospiraceae	Lachnospiraceae UCG-001	
OTU_440	Bacteria	Firmicutes	Clostridia	Clostridiales	Ruminococcaceae	Ruminiclostridium	
OTU_200	Bacteria	Bacteroidetes	Bacteroidia	Bacteroidales	Muribaculaceae		
OTU_361	Bacteria	Firmicutes	Clostridia	Clostridiales	Ruminococcaceae		
OTU_129	Bacteria	Firmicutes	Clostridia	Clostridiales	Ruminococcaceae	Ruminococcaceae UCG-014	
OTU_201	Bacteria	Proteobacteria	Alphaproteobacteria	Rhizobiales	Rhizobiaceae		
OTU_308	Bacteria	Proteobacteria	Alphaproteobacteria	Rhizobiales	Rhizobiaceae		
OTU_352	Bacteria	Proteobacteria	Alphaproteobacteria	Rhizobiales	Rhizobiaceae		
OTU_463	Bacteria	Proteobacteria	Alphaproteobacteria	Rhizobiales	Rhizobiaceae		
OTU_500	Bacteria	Proteobacteria	Alphaproteobacteria	Rhizobiales	Rhizobiaceae		
OTU_513	Bacteria	Proteobacteria	Alphaproteobacteria	Rhizobiales	Rhizobiaceae		
OTU_522	Bacteria	Proteobacteria	Alphaproteobacteria	Rhizobiales	Rhizobiaceae	Allorhizobium-Neorhizobium-Pararhizobium-Rhizobium	
OTU_54	Bacteria	Firmicutes	Clostridia	Clostridiales	Lachnospiraceae	Lachnospiraceae NK4A136 group	
OTU_245	Bacteria	Bacteroidetes	Bacteroidia	Bacteroidales	Muribaculaceae		
OTU_121	Bacteria	Firmicutes	Clostridia	Clostridiales	Ruminococcaceae	Ruminococcaceae UCG-014	
OTU_161	Bacteria	Firmicutes	Clostridia	Clostridiales	Lachnospiraceae	Lachnospiraceae UCG-008	
OTU_16	Bacteria	Firmicutes	Clostridia	Clostridiales	Ruminococcaceae	Ruminiclostridium 6	
OTU_13	Bacteria	Tenericutes	Mollicutes	Anaeroplasmatales	Anaeroplasmataceae	Anaeroplasma	
OTU_355	Bacteria	Firmicutes	Clostridia	Clostridiales	Ruminococcaceae	Ruminiclostridium 9	
OTU_176	Bacteria	Firmicutes	Clostridia	Clostridiales	Clostridiales vadinBB60 group		
OTU_454	Bacteria	Firmicutes	Clostridia	Clostridiales	Lachnospiraceae	Lachnospiraceae FCS020 group	
OTU_61	Bacteria	Firmicutes	Clostridia	Clostridiales	Ruminococcaceae		
OTU_25	Bacteria	Bacteroidetes	Bacteroidia	Bacteroidales	Rikenellaceae	Alistipes	
OTU_473	Bacteria	Bacteroidetes	Bacteroidia	Bacteroidales	Rikenellaceae	Alistipes	
OTU_496	Bacteria	Firmicutes	Clostridia	Clostridiales	Lachnospiraceae	Lachnospiraceae NK4A136 group	
OTU_333	Bacteria	Firmicutes	Clostridia	Clostridiales	Ruminococcaceae		
OTU_195	Bacteria	Bacteroidetes	Bacteroidia	Bacteroidales	Muribaculaceae		
OTU_182	Bacteria	Firmicutes	Clostridia	Clostridiales	Ruminococcaceae	Ruminiclostridium	
OTU_442	Bacteria	Firmicutes	Clostridia	Clostridiales	Lachnospiraceae	Lachnospiraceae NK4A136 group	
OTU_72	Bacteria	Firmicutes	Clostridia	Clostridiales	Ruminococcaceae	Ruminococcaceae UCG-014	
OTU_247	Bacteria	Firmicutes	Clostridia	Clostridiales	Ruminococcaceae	Ruminococcaceae UCG-014	
OTU_132	Bacteria	Firmicutes	Clostridia	Clostridiales	Lachnospiraceae	Lachnospiraceae UCG-006	
OTU_296	Bacteria	Firmicutes	Clostridia	Clostridiales	Ruminococcaceae	Ruminococcaceae UCG-005	
OTU_512	Bacteria	Actinobacteria	Coriobacteriia	Coriobacteriales	Eggerthellaceae	Enterorhabdus	
OTU_68	Bacteria	Firmicutes	Clostridia	Clostridiales	Ruminococcaceae		
OTU_27	Bacteria	Firmicutes	Clostridia	Clostridiales	Lachnospiraceae		
OTU_400	Bacteria	Firmicutes	Clostridia	Clostridiales	Ruminococcaceae	Ruminiclostridium 9	
OTU_266	Bacteria	Firmicutes	Clostridia	Clostridiales	Family XIII	Anaerovorax	
OTU_137	Bacteria	Firmicutes	Clostridia	Clostridiales	Lachnospiraceae		
OTU_366	Bacteria	Bacteroidetes	Bacteroidia	Bacteroidales	Prevotellaceae	Prevotellaceae UCG-001	
OTU_140	Bacteria	Firmicutes	Clostridia	Clostridiales	Lachnospiraceae	GCA-900066575	
OTU_190	Bacteria	Firmicutes	Clostridia	Clostridiales	Lachnospiraceae	Roseburia	uncultured Clostridiales bacterium
OTU_104	Bacteria	Firmicutes	Clostridia	Clostridiales	Lachnospiraceae	Lachnospiraceae NK4A136 group	
OTU_259	Bacteria	Firmicutes	Clostridia	Clostridiales	Lachnospiraceae	Lachnospiraceae NK4A136 group	
OTU_105	Bacteria	Firmicutes	Clostridia	Clostridiales	Ruminococcaceae	Ruminococcaceae UCG-014	
OTU_268	Bacteria	Firmicutes	Clostridia	Clostridiales	Ruminococcaceae	Butyricicoccus	
OTU_313	Bacteria	Firmicutes	Clostridia	Clostridiales	Ruminococcaceae	Ruminiclostridium 9	
OTU_328	Bacteria	Firmicutes	Clostridia	Clostridiales	Clostridiales vadinBB60 group		
OTU_226	Bacteria	Firmicutes	Clostridia	Clostridiales	Ruminococcaceae		
OTU_346	Bacteria	Firmicutes	Clostridia	Clostridiales	Clostridiales vadinBB60 group		
OTU_75	Bacteria	Firmicutes	Clostridia	Clostridiales	Lachnospiraceae	Lachnospiraceae NK4A136 group	
OTU_295	Bacteria	Firmicutes	Clostridia	Clostridiales	Lachnospiraceae		
OTU_431	Bacteria	Firmicutes	Clostridia	Clostridiales	Lachnospiraceae		
OTU_143	Bacteria	Actinobacteria	Coriobacteriia	Coriobacteriales	Eggerthellaceae	Enterorhabdus	
OTU_166	Bacteria	Firmicutes	Clostridia	Clostridiales	Lachnospiraceae	Lachnospiraceae NK4A136 group	
OTU_206	Bacteria	Firmicutes	Clostridia	Clostridiales	Lachnospiraceae		
OTU_497	Bacteria	Firmicutes	Clostridia	Clostridiales	Lachnospiraceae	Acetitomaculum	
OTU_95	Bacteria	Firmicutes	Clostridia	Clostridiales	Ruminococcaceae	Ruminiclostridium 5	
OTU_181	Bacteria	Firmicutes	Clostridia	Clostridiales	Clostridiales vadinBB60 group		
OTU_371	Bacteria	Firmicutes	Clostridia	Clostridiales	Ruminococcaceae	Ruminiclostridium 9	
OTU_242	Bacteria	Firmicutes	Clostridia	Clostridiales	Ruminococcaceae	Ruminococcaceae UCG-014	
OTU_261	Bacteria	Firmicutes	Clostridia	Clostridiales	Lachnospiraceae		
OTU_196	Bacteria	Firmicutes	Clostridia	Clostridiales	Ruminococcaceae	Ruminococcaceae UCG-014	
OTU_91	Bacteria	Firmicutes	Clostridia	Clostridiales	Lachnospiraceae		
OTU_81	Bacteria	Firmicutes	Clostridia	Clostridiales	Ruminococcaceae	Ruminococcaceae UCG-014	
OTU_234	Bacteria	Firmicutes	Clostridia	Clostridiales	Lachnospiraceae	[Eubacterium] xylanophilum group	
OTU_236	Bacteria	Firmicutes	Clostridia	Clostridiales	Lachnospiraceae	Lachnospiraceae NK4A136 group	
OTU_96	Bacteria	Bacteroidetes	Bacteroidia	Bacteroidales	Muribaculaceae		
OTU_101	Bacteria	Firmicutes	Erysipelotrichia	Erysipelotrichales	Erysipelotrichaceae	Faecalibaculum	
OTU_151	Bacteria	Firmicutes	Clostridia	Clostridiales	Lachnospiraceae	Lachnospiraceae NK4A136 group	
OTU_465	Bacteria	Firmicutes	Clostridia	Clostridiales	Peptococcaceae	Peptococcus	
OTU_460	Bacteria	Bacteroidetes	Bacteroidia	Bacteroidales	Muribaculaceae		
OTU_18	Bacteria	Bacteroidetes	Bacteroidia	Bacteroidales	Muribaculaceae		
OTU_159	Bacteria	Firmicutes	Clostridia	Clostridiales	Lachnospiraceae		
OTU_98	Bacteria	Bacteroidetes	Bacteroidia	Bacteroidales	Muribaculaceae		
OTU_303	Bacteria	Firmicutes	Clostridia	Clostridiales	Ruminococcaceae		
OTU_223	Bacteria	Firmicutes	Clostridia	Clostridiales	Ruminococcaceae		
OTU_47	Bacteria	Firmicutes	Clostridia	Clostridiales	Ruminococcaceae	Ruminococcaceae UCG-014	
OTU_298	Bacteria	Firmicutes	Clostridia	Clostridiales	Ruminococcaceae	Ruminococcus 1	
OTU_205	Bacteria	Firmicutes	Clostridia	Clostridiales	Lachnospiraceae		
OTU_189	Bacteria	Firmicutes	Clostridia	Clostridiales	Ruminococcaceae	Ruminiclostridium	
OTU_393	Bacteria	Firmicutes	Clostridia	Clostridiales	Lachnospiraceae	Roseburia	
OTU_214	Bacteria	Firmicutes	Clostridia	Clostridiales	Lachnospiraceae	Lachnospiraceae NK4A136 group	
OTU_122	Bacteria	Patescibacteria	Saccharimonadia	Saccharimonadales	Saccharimonadaceae	Candidatus Saccharimonas	
OTU_17	Bacteria	Firmicutes	Clostridia	Clostridiales	Ruminococcaceae	Ruminococcus 1	
OTU_73	Bacteria	Bacteroidetes	Bacteroidia	Bacteroidales	Prevotellaceae	Prevotellaceae UCG-001	
OTU_300	Bacteria	Firmicutes	Clostridia	Clostridiales	Lachnospiraceae	Lachnospiraceae NK4A136 group	
OTU_87	Bacteria	Firmicutes	Clostridia	Clostridiales			
OTU_168	Bacteria	Firmicutes	Clostridia	Clostridiales			
OTU_316	Bacteria	Firmicutes	Clostridia	Clostridiales			
OTU_411	Bacteria	Firmicutes	Clostridia	Clostridiales			
OTU_24	Bacteria	Firmicutes	Clostridia	Clostridiales	Ruminococcaceae	Ruminococcaceae UCG-014	
OTU_77	Bacteria	Firmicutes	Clostridia	Clostridiales	Lachnospiraceae		
OTU_372	Bacteria	Firmicutes	Clostridia	Clostridiales	Ruminococcaceae		
OTU_450	Bacteria	Bacteroidetes	Bacteroidia	Bacteroidales	Muribaculaceae		
OTU_481	Bacteria	Firmicutes	Clostridia	Clostridiales	Lachnospiraceae		
OTU_120	Bacteria	Firmicutes	Clostridia	Clostridiales	Lachnospiraceae		uncultured Clostridiales bacterium
OTU_340	Bacteria	Firmicutes	Clostridia	Clostridiales	Ruminococcaceae	Ruminiclostridium	
OTU_107	Bacteria	Actinobacteria	Coriobacteriia	Coriobacteriales	Eggerthellaceae	Enterorhabdus	
OTU_251	Bacteria	Firmicutes	Clostridia	Clostridiales	Lachnospiraceae		
OTU_338	Bacteria	Firmicutes	Clostridia	Clostridiales	Lachnospiraceae	Lachnospiraceae NK4A136 group	
OTU_262	Bacteria	Tenericutes	Mollicutes	Mollicutes RF39	uncultured Firmicutes bacterium		
OTU_383	Bacteria	Firmicutes	Clostridia	Clostridiales	Lachnospiraceae	Lachnospiraceae NK4A136 group	
OTU_197	Bacteria	Firmicutes	Clostridia	Clostridiales	Lachnospiraceae		
OTU_63	Bacteria	Firmicutes	Clostridia	Clostridiales	Lachnospiraceae	[Eubacterium] xylanophilum group	
OTU_14	Bacteria	Bacteroidetes	Bacteroidia	Bacteroidales	Rikenellaceae	Alistipes	
OTU_408	Bacteria	Bacteroidetes	Bacteroidia	Bacteroidales	Rikenellaceae	Alistipes	
OTU_218	Bacteria	Firmicutes	Clostridia	Clostridiales	Lachnospiraceae	GCA-900066575	
OTU_130	Bacteria	Firmicutes	Clostridia	Clostridiales	Lachnospiraceae	Lachnospiraceae NK4A136 group	
OTU_368	Bacteria	Firmicutes	Clostridia	Clostridiales	Ruminococcaceae	Ruminiclostridium 5	
OTU_349	Bacteria	Firmicutes	Clostridia	Clostridiales	Clostridiales vadinBB60 group		
OTU_429	Bacteria	Firmicutes	Clostridia	Clostridiales	Ruminococcaceae	Ruminococcaceae UCG-014	
OTU_468	Bacteria	Firmicutes	Clostridia	Clostridiales	Lachnospiraceae		
OTU_173	Bacteria	Firmicutes	Clostridia	Clostridiales	Ruminococcaceae	Ruminococcaceae UCG-014	
OTU_398	Bacteria	Firmicutes	Clostridia	Clostridiales	Ruminococcaceae	Ruminiclostridium 9	
OTU_260	Bacteria	Bacteroidetes	Bacteroidia	Bacteroidales	Muribaculaceae		
OTU_165	Bacteria	Firmicutes	Clostridia	Clostridiales	Lachnospiraceae	Tyzzerella 3	
OTU_514	Bacteria	Bacteroidetes	Bacteroidia	Bacteroidales	Muribaculaceae		
OTU_78	Bacteria	Firmicutes	Clostridia	Clostridiales	Ruminococcaceae	Ruminiclostridium	
OTU_156	Bacteria	Firmicutes	Clostridia	Clostridiales	Lachnospiraceae		
OTU_169	Bacteria	Firmicutes	Bacilli	Lactobacillales	Streptococcaceae	Streptococcus	uncultured Streptococcus sp.
OTU_407	Bacteria	Firmicutes	Clostridia	Clostridiales	Ruminococcaceae	Ruminococcaceae UCG-005	uncultured Clostridiales bacterium
OTU_396	Bacteria	Firmicutes	Clostridia	Clostridiales	Lachnospiraceae		
OTU_415	Bacteria	Firmicutes	Clostridia	Clostridiales	Ruminococcaceae		
OTU_294	Bacteria	Firmicutes	Clostridia	Clostridiales	Lachnospiraceae		
OTU_306	Bacteria	Firmicutes	Clostridia	Clostridiales	Lachnospiraceae	Lachnospiraceae NK4A136 group	
OTU_490	Bacteria	Firmicutes	Clostridia	Clostridiales	Lachnospiraceae		
OTU_86	Bacteria	Firmicutes	Clostridia	Clostridiales	Ruminococcaceae		
OTU_90	Bacteria	Firmicutes	Clostridia	Clostridiales	Lachnospiraceae		
OTU_134	Bacteria	Firmicutes	Clostridia	Clostridiales	Ruminococcaceae	Butyricicoccus	
OTU_198	Bacteria	Firmicutes	Clostridia	Clostridiales	Lachnospiraceae	Roseburia	
OTU_335	Bacteria	Firmicutes	Clostridia	Clostridiales	Ruminococcaceae		
OTU_123	Bacteria	Firmicutes	Clostridia	Clostridiales	Lachnospiraceae	Lachnospiraceae UCG-001	
OTU_175	Bacteria	Firmicutes	Clostridia	Clostridiales	Lachnospiraceae	Marvinbryantia	
OTU_312	Bacteria	Firmicutes	Clostridia	Clostridiales	Lachnospiraceae		
OTU_36	Bacteria	Bacteroidetes	Bacteroidia	Bacteroidales	Muribaculaceae		
OTU_389	Bacteria	Bacteroidetes	Bacteroidia	Bacteroidales	Muribaculaceae		
OTU_192	Bacteria	Firmicutes	Clostridia	Clostridiales	Ruminococcaceae	Ruminiclostridium 5	
OTU_222	Bacteria	Firmicutes	Clostridia	Clostridiales	Lachnospiraceae	Lachnospiraceae UCG-008	
OTU_84	Bacteria	Firmicutes	Clostridia	Clostridiales	Ruminococcaceae	Ruminococcaceae UCG-014	
OTU_49	Bacteria	Firmicutes	Clostridia	Clostridiales	Lachnospiraceae	ASF356	uncultured Clostridiales bacterium
OTU_323	Bacteria	Firmicutes	Clostridia	Clostridiales	Ruminococcaceae		
OTU_466	Bacteria	Firmicutes	Clostridia	Clostridiales	Ruminococcaceae	Harryflintia	
OTU_297	Bacteria	Firmicutes	Clostridia	Clostridiales	Lachnospiraceae	GCA-900066575	
OTU_116	Archaea	Euryarchaeota	Methanomicrobia	Methanosarcinales	Methanosaetaceae	Methanosaeta	metagenome
OTU_248	Archaea	Euryarchaeota	Methanomicrobia	Methanosarcinales	Methanosaetaceae	Methanosaeta	metagenome
OTU_318	Archaea	Euryarchaeota	Methanomicrobia	Methanosarcinales	Methanosaetaceae	Methanosaeta	metagenome
OTU_424	Archaea	Euryarchaeota	Methanomicrobia	Methanosarcinales	Methanosaetaceae	Methanosaeta	metagenome
OTU_447	Archaea	Euryarchaeota	Methanomicrobia	Methanosarcinales	Methanosaetaceae	Methanosaeta	metagenome
OTU_475	Archaea	Euryarchaeota	Methanomicrobia	Methanosarcinales	Methanosaetaceae	Methanosaeta	metagenome
OTU_489	Archaea	Euryarchaeota	Methanomicrobia	Methanosarcinales	Methanosaetaceae	Methanosaeta	metagenome
OTU_80	Bacteria	Cyanobacteria	Melainabacteria	Gastranaerophilales			
OTU_285	Bacteria	Firmicutes	Clostridia	Clostridiales	Ruminococcaceae	Ruminiclostridium 5	
OTU_10	Bacteria	Firmicutes	Clostridia	Clostridiales	Lachnospiraceae	Lachnospiraceae UCG-008	
OTU_5	Bacteria	Bacteroidetes	Bacteroidia	Bacteroidales	Marinifilaceae	Odoribacter	
OTU_97	Bacteria	Firmicutes	Clostridia	Clostridiales	Lachnospiraceae	Lachnospiraceae NK4A136 group	
OTU_252	Bacteria	Firmicutes	Clostridia	Clostridiales	Lachnospiraceae	[Eubacterium] xylanophilum group	
OTU_31	Bacteria	Firmicutes	Clostridia	Clostridiales	Lachnospiraceae	Lachnospiraceae NK4A136 group	
OTU_179	Bacteria	Firmicutes	Erysipelotrichia	Erysipelotrichales	Erysipelotrichaceae		
OTU_188	Bacteria	Firmicutes	Clostridia	Clostridiales	Ruminococcaceae	Ruminococcaceae UCG-014	
OTU_209	Bacteria	Firmicutes	Clostridia	Clostridiales	Ruminococcaceae	Ruminococcaceae UCG-013	
OTU_93	Bacteria	Bacteroidetes	Bacteroidia	Bacteroidales	Muribaculaceae		
OTU_388	Bacteria	Firmicutes	Clostridia	Clostridiales	Clostridiales vadinBB60 group		
OTU_395	Bacteria	Firmicutes	Clostridia	Clostridiales	Lachnospiraceae	Lachnospiraceae NK4A136 group	
OTU_278	Bacteria	Firmicutes	Clostridia	Clostridiales	Ruminococcaceae	Ruminococcaceae UCG-005	
OTU_365	Bacteria	Firmicutes	Clostridia	Clostridiales	Ruminococcaceae	Ruminococcaceae UCG-014	
OTU_386	Bacteria	Firmicutes	Clostridia	Clostridiales	Ruminococcaceae	Ruminococcaceae UCG-014	
OTU_448	Bacteria	Firmicutes	Clostridia	Clostridiales	Ruminococcaceae	Ruminococcaceae UCG-014	
OTU_283	Bacteria	Firmicutes	Clostridia	Clostridiales	Ruminococcaceae		
OTU_239	Bacteria	Firmicutes	Clostridia	Clostridiales	Lachnospiraceae	GCA-900066575	
OTU_202	Bacteria	Firmicutes	Clostridia	Clostridiales	Lachnospiraceae		
OTU_477	Bacteria	Firmicutes	Clostridia	Clostridiales	Lachnospiraceae	Lachnospiraceae UCG-001	
OTU_288	Bacteria	Firmicutes	Clostridia	Clostridiales	Lachnospiraceae		
OTU_9	Bacteria	Firmicutes	Bacilli	Lactobacillales	Lactobacillaceae	Lactobacillus	
OTU_310	Bacteria	Firmicutes	Clostridia	Clostridiales	Ruminococcaceae	Ruminiclostridium	
OTU_59	Bacteria	Deferribacteres	Deferribacteres	Deferribacterales	Deferribacteraceae	Mucispirillum	Mucispirillum schaedleri ASF457
OTU_413	Bacteria	Deferribacteres	Deferribacteres	Deferribacterales	Deferribacteraceae	Mucispirillum	
OTU_331	Bacteria	Firmicutes	Clostridia	Clostridiales	Lachnospiraceae	Roseburia	
OTU_162	Bacteria	Firmicutes	Clostridia	Clostridiales	Lachnospiraceae	[Eubacterium] xylanophilum group	
OTU_82	Bacteria	Firmicutes	Clostridia	Clostridiales	Ruminococcaceae	Ruminococcaceae UCG-014	
OTU_243	Bacteria	Firmicutes	Clostridia	Clostridiales	Ruminococcaceae	Ruminococcus 1	
OTU_455	Bacteria	Firmicutes	Clostridia	Clostridiales	Eubacteriaceae	Anaerofustis	
OTU_452	Bacteria	Firmicutes	Clostridia	Clostridiales	Lachnospiraceae		
OTU_391	Bacteria	Firmicutes	Clostridia	Clostridiales	Lachnospiraceae		
OTU_89	Bacteria	Firmicutes	Clostridia	Clostridiales	Lachnospiraceae		
OTU_184	Bacteria	Firmicutes	Clostridia	Clostridiales	Lachnospiraceae		
OTU_246	Bacteria	Firmicutes	Clostridia	Clostridiales	Ruminococcaceae		
OTU_147	Bacteria	Firmicutes	Clostridia	Clostridiales	Ruminococcaceae	Oscillibacter	
OTU_257	Bacteria	Firmicutes	Clostridia	Clostridiales	Ruminococcaceae	Anaerotruncus	
OTU_148	Bacteria	Firmicutes	Clostridia	Clostridiales	Lachnospiraceae		
OTU_302	Bacteria	Firmicutes	Clostridia	Clostridiales	Lachnospiraceae		
OTU_42	Bacteria	Bacteroidetes	Bacteroidia	Bacteroidales	Muribaculaceae		
OTU_160	Bacteria	Firmicutes	Clostridia	Clostridiales	Ruminococcaceae	Ruminococcaceae UCG-014	
OTU_108	Bacteria	Firmicutes	Clostridia	Clostridiales	Lachnospiraceae		
OTU_41	Bacteria	Firmicutes	Clostridia	Clostridiales	Lachnospiraceae	ASF356	
OTU_438	Bacteria	Firmicutes	Clostridia	Clostridiales	Ruminococcaceae	Ruminococcaceae UCG-014	
OTU_138	Bacteria	Firmicutes	Clostridia	Clostridiales	Ruminococcaceae	Oscillibacter	
OTU_167	Bacteria	Firmicutes	Clostridia	Clostridiales	Lachnospiraceae	[Eubacterium] xylanophilum group	
OTU_392	Bacteria	Firmicutes	Clostridia	Clostridiales	Lachnospiraceae	[Eubacterium] xylanophilum group	
OTU_203	Bacteria	Firmicutes	Clostridia	Clostridiales	Ruminococcaceae		
OTU_46	Bacteria	Bacteroidetes	Bacteroidia	Bacteroidales	Rikenellaceae	Rikenellaceae RC9 gut group	
OTU_67	Bacteria	Bacteroidetes	Bacteroidia	Bacteroidales	Rikenellaceae	Alistipes	
OTU_499	Bacteria	Bacteroidetes	Bacteroidia	Bacteroidales	Rikenellaceae	Alistipes	
OTU_426	Bacteria	Firmicutes	Clostridia	Clostridiales	Lachnospiraceae	Lachnoclostridium	
OTU_187	Bacteria	Firmicutes	Clostridia	Clostridiales	Ruminococcaceae	Ruminiclostridium 9	
OTU_149	Bacteria	Firmicutes	Clostridia	Clostridiales	Lachnospiraceae	Lachnoclostridium	
OTU_351	Bacteria	Firmicutes	Clostridia	Clostridiales	Ruminococcaceae		
OTU_163	Bacteria	Firmicutes	Clostridia	Clostridiales	Ruminococcaceae	Anaerotruncus	Anaerotruncus sp. G3(2012)
OTU_224	Bacteria	Firmicutes	Clostridia	Clostridiales	Lachnospiraceae	Lachnospiraceae UCG-008	
OTU_498	Bacteria	Firmicutes	Clostridia	Clostridiales	Lachnospiraceae	Lachnospiraceae NK4A136 group	
OTU_142	Bacteria	Bacteroidetes	Bacteroidia	Bacteroidales	Muribaculaceae		
OTU_339	Bacteria	Firmicutes	Clostridia	Clostridiales	Lachnospiraceae	Roseburia	
OTU_38	Bacteria	Firmicutes	Clostridia	Clostridiales	Lachnospiraceae	Lachnospiraceae NK4A136 group	
OTU_332	Bacteria	Firmicutes	Clostridia	Clostridiales	Lachnospiraceae	ASF356	
OTU_238	Bacteria	Firmicutes	Clostridia	Clostridiales	Lachnospiraceae	Roseburia	
OTU_19	Bacteria	Bacteroidetes	Bacteroidia	Bacteroidales	Bacteroidaceae	Bacteroides	Bacteroides caecimuris
OTU_215	Bacteria	Firmicutes	Clostridia	Clostridiales	Lachnospiraceae	Lachnospiraceae UCG-010	
OTU_501	Bacteria	Proteobacteria	Gammaproteobacteria	Betaproteobacteriales	Burkholderiaceae	Polaromonas	metagenome
OTU_264	Bacteria	Firmicutes	Clostridia	Clostridiales	Lachnospiraceae		
OTU_269	Bacteria	Firmicutes	Clostridia	Clostridiales	Lachnospiraceae	Blautia	
OTU_421	Bacteria	Firmicutes	Clostridia	Clostridiales	Ruminococcaceae	Ruminiclostridium	
OTU_45	Bacteria	Bacteroidetes	Bacteroidia	Bacteroidales	Rikenellaceae	Alistipes	
OTU_394	Bacteria	Firmicutes	Clostridia	Clostridiales	Clostridiales vadinBB60 group		
OTU_418	Bacteria	Tenericutes	Mollicutes	Mollicutes RF39			
OTU_228	Bacteria	Firmicutes	Clostridia	Clostridiales	Lachnospiraceae	Lachnospiraceae NK4A136 group	
OTU_52	Bacteria	Firmicutes	Clostridia	Clostridiales	Ruminococcaceae	Ruminococcaceae UCG-014	
OTU_139	Bacteria	Firmicutes	Clostridia	Clostridiales	Lachnospiraceae	Lachnospiraceae NK4A136 group	
OTU_233	Bacteria	Firmicutes	Clostridia	Clostridiales	Lachnospiraceae	[Eubacterium] xylanophilum group	
OTU_7	Bacteria	Bacteroidetes	Bacteroidia	Bacteroidales	Rikenellaceae	Alistipes	
OTU_277	Bacteria	Bacteroidetes	Bacteroidia	Bacteroidales	Rikenellaceae	Alistipes	
OTU_311	Bacteria	Firmicutes	Clostridia	Clostridiales	Lachnospiraceae		
OTU_204	Bacteria	Firmicutes	Clostridia	Clostridiales	Ruminococcaceae	Ruminiclostridium 5	uncultured Clostridiales bacterium
OTU_527	Bacteria	Firmicutes	Clostridia	Clostridiales	Ruminococcaceae		
OTU_403	Bacteria	Bacteroidetes	Bacteroidia	Bacteroidales	Muribaculaceae		
OTU_363	Bacteria	Firmicutes	Clostridia	Clostridiales	Lachnospiraceae	Lachnospiraceae NK4A136 group	
OTU_307	Bacteria	Firmicutes	Clostridia	Clostridiales	Lachnospiraceae		
OTU_354	Bacteria	Firmicutes	Clostridia	Clostridiales	Ruminococcaceae	Ruminiclostridium 9	
OTU_216	Bacteria	Firmicutes	Clostridia	Clostridiales	Ruminococcaceae	Oscillibacter	
OTU_325	Bacteria	Firmicutes	Clostridia	Clostridiales	Ruminococcaceae	Oscillibacter	
OTU_69	Bacteria	Firmicutes	Clostridia	Clostridiales	Lachnospiraceae		
OTU_51	Bacteria	Firmicutes	Clostridia	Clostridiales	Lachnospiraceae		
OTU_28	Bacteria	Firmicutes	Clostridia	Clostridiales	Lachnospiraceae	Lachnospiraceae UCG-006	
OTU_62	Bacteria	Firmicutes	Clostridia	Clostridiales	Lachnospiraceae	Lachnospiraceae NK4A136 group	
OTU_249	Bacteria	Firmicutes	Clostridia	Clostridiales	Lachnospiraceae		
OTU_305	Bacteria	Firmicutes	Clostridia	Clostridiales			
OTU_112	Bacteria	Firmicutes	Bacilli	Lactobacillales	Lactobacillaceae	Lactobacillus	
OTU_520	Eukaryota	Charophyta	Tracheophyta	Spermatophyta	Magnoliophyta		
OTU_83	Bacteria	Firmicutes	Clostridia	Clostridiales	Lachnospiraceae	Tyzzerella 3	
OTU_66	Bacteria	Firmicutes	Clostridia	Clostridiales	Lachnospiraceae	Roseburia	
OTU_60	Bacteria	Firmicutes	Clostridia	Clostridiales	Lachnospiraceae		
OTU_443	Bacteria	Firmicutes	Clostridia	Clostridiales	Ruminococcaceae	Ruminiclostridium	
OTU_106	Bacteria	Firmicutes	Clostridia	Clostridiales	Lachnospiraceae	Lachnospiraceae NK4A136 group	
OTU_348	Bacteria	Tenericutes	Mollicutes	Mollicutes RF39			
OTU_376	Bacteria	Firmicutes	Clostridia	Clostridiales	Ruminococcaceae	Ruminiclostridium 9	
OTU_326	Bacteria	Firmicutes	Clostridia	Clostridiales	Ruminococcaceae	Ruminococcaceae UCG-005	
OTU_79	Bacteria	Bacteroidetes	Bacteroidia	Bacteroidales	Muribaculaceae		
OTU_135	Bacteria	Firmicutes	Clostridia	Clostridiales	Ruminococcaceae	Ruminiclostridium 6	
OTU_44	Bacteria	Firmicutes	Clostridia	Clostridiales	Ruminococcaceae	Ruminococcaceae UCG-014	
OTU_273	Bacteria	Firmicutes	Clostridia	Clostridiales	Ruminococcaceae		
OTU_435	Bacteria	Firmicutes	Clostridia	Clostridiales	Ruminococcaceae	Anaerotruncus	
OTU_370	Bacteria	Firmicutes	Clostridia	Clostridiales	Lachnospiraceae	Lachnospiraceae UCG-006	
OTU_367	Bacteria	Firmicutes	Clostridia	Clostridiales	Lachnospiraceae	Blautia	
OTU_329	Bacteria	Firmicutes	Clostridia	Clostridiales	Lachnospiraceae		
OTU_210	Bacteria	Firmicutes	Clostridia	Clostridiales	Family XIII	Family XIII UCG-001	
OTU_385	Bacteria	Firmicutes	Clostridia	Clostridiales	Ruminococcaceae		
OTU_330	Bacteria	Firmicutes	Clostridia	Clostridiales	Ruminococcaceae	Ruminococcus 1	
OTU_461	Bacteria	Firmicutes	Clostridia	Clostridiales	Lachnospiraceae		
OTU_12	Bacteria	Bacteroidetes	Bacteroidia	Bacteroidales	Rikenellaceae	Alistipes	
OTU_276	Bacteria	Bacteroidetes	Bacteroidia	Bacteroidales	Rikenellaceae	Alistipes	
OTU_211	Bacteria	Firmicutes	Clostridia	Clostridiales	Ruminococcaceae		
OTU_180	Bacteria	Firmicutes	Clostridia	Clostridiales	Family XIII	[Eubacterium] brachy group	
OTU_76	Bacteria	Firmicutes	Clostridia	Clostridiales	Ruminococcaceae	Ruminococcaceae UCG-010	
OTU_11	Bacteria	Proteobacteria	Alphaproteobacteria	Rhodospirillales			
OTU_39	Bacteria	Firmicutes	Clostridia	Clostridiales	Lachnospiraceae	Lachnospiraceae NK4A136 group	
OTU_2	Bacteria	Bacteroidetes	Bacteroidia	Bacteroidales	Bacteroidaceae		
OTU_287	Bacteria	Firmicutes	Clostridia	Clostridiales	Ruminococcaceae	Ruminococcaceae UCG-014	
OTU_432	Bacteria	Firmicutes	Clostridia	Clostridiales	Ruminococcaceae		
OTU_417	Bacteria	Firmicutes	Clostridia	Clostridiales	Ruminococcaceae	Ruminiclostridium	
OTU_131	Bacteria	Firmicutes	Clostridia	Clostridiales	Lachnospiraceae		
OTU_50	Bacteria	Bacteroidetes	Bacteroidia	Bacteroidales	Muribaculaceae		
OTU_362	Bacteria	Firmicutes	Clostridia	Clostridiales	Ruminococcaceae	Ruminiclostridium 9	
OTU_125	Bacteria	Firmicutes	Clostridia	Clostridiales	Lachnospiraceae		
