sample	Raw_reads	Raw_mean_length	Raw_median_length	Trimmed	Removed	Host_1_time	Host_>1_time	Phi_phage_1_time	Phi_phage_>1_time	Filtered_reads	Filtered_mean_length	Filtered_median_length	Selected_dereplication	Selected_singleton	Selected_chimera	Selected_otu	Mapped_reads	Mapping_percent_proc
ERR2712574	33109	250	250	6847	1407	0	0	1	0	31701	248	250	6234	452	273	6	27802	87.7
ERR2712782	47690	250	250	8755	2982	0	0	5	0	44703	248	250	8637	199	114	0	38458	86.03
ERR2712537	20855	250	250	3080	1068	0	0	0	0	19787	248	250	5898	455	265	5	15553	78.6
ERR2712432	42219	250	250	11539	6874	0	3	1	0	35341	244	250	9053	568	402	6	30207	85.47
ERR2712669	34407	250	250	8901	3205	0	0	0	0	31202	246	250	9962	364	267	2	25114	80.49
ERR2712473	30237	250	250	9760	6000	0	0	9	0	24228	239	250	4191	150	134	6	23327	96.28
ERR2712685	9003	250	250	2066	773	0	0	0	0	8230	247	250	1933	110	72	3	7118	86.49
ERR2712573	26571	250	250	4358	1486	0	0	1	0	25084	248	250	7083	367	210	4	19773	78.83
ERR2712879	17859	250	250	5094	1696	0	0	0	0	16163	246	250	3763	47	29	1	13628	84.32
ERR2712796	21514	250	250	6344	1555	0	0	0	0	19959	247	250	3407	145	111	1	18414	92.26
ERR2712703	12973	250	250	3335	925	0	0	0	0	12048	247	250	3008	105	75	0	10293	85.43
ERR2712871	35045	250	250	10016	2986	0	0	1	0	32058	247	250	7270	96	63	2	27378	85.4
ERR2712433	32823	250	250	7989	3064	0	0	11	0	29748	246	250	7077	1822	1458	22	28054	94.31
ERR2712754	18904	250	250	5139	1297	0	0	0	0	17607	247	250	4201	73	54	5	15471	87.87
ERR2712805	23802	250	250	5350	1650	0	0	1	0	22151	248	250	2823	64	54	0	21600	97.51
ERR2712585	24561	250	250	4415	1571	0	0	1	0	22989	248	250	6841	279	187	6	18511	80.52
ERR2712684	11921	250	250	2822	828	0	0	0	0	11093	247	250	2338	105	74	0	9655	87.04
ERR2712924	26167	250	250	6517	2183	0	0	0	0	23984	247	250	6134	38	17	0	19301	80.47
ERR2712815	8730	250	250	2153	685	0	0	0	0	8045	247	250	1651	24	14	0	7023	87.3
ERR2712701	9863	250	250	2663	652	0	0	0	0	9211	247	250	2019	74	60	2	8113	88.08
ERR2712447	11175	250	250	3022	1417	0	0	14	0	9744	245	250	1745	91	85	5	9625	98.78
ERR2712836	35246	250	250	8412	3423	0	0	0	0	31823	247	250	6034	279	175	1	28323	89.0
ERR2712566	21218	250	250	4292	1109	0	0	0	0	20109	248	250	4865	365	225	3	17248	85.77
ERR2712692	11266	250	250	3002	987	0	0	0	0	10279	246	250	2730	88	68	0	8611	83.77
ERR2712829	13322	250	250	3722	1079	0	0	0	0	12243	247	250	2959	35	27	1	10640	86.91
ERR2712633	19546	250	250	4018	2254	0	0	19	0	17273	246	250	2380	79	76	2	16517	95.62
ERR2712629	31946	250	250	7646	4563	1	1	28	0	27353	246	250	4721	116	110	2	25433	92.98
ERR2712632	24619	250	250	3638	2266	0	0	18	0	22335	248	250	2726	68	60	0	21229	95.05
ERR2712598	18048	250	250	2508	1175	0	0	0	0	16873	248	250	3532	166	110	2	14592	86.48
ERR2712624	19413	250	250	2794	1292	0	0	16	0	18105	249	250	3807	85	74	14	17047	94.16
ERR2712942	28507	250	250	7594	2414	0	0	0	0	26093	247	250	5318	33	23	1	22857	87.6
ERR2712750	43158	250	250	14142	4026	0	0	1	0	39131	245	250	11988	153	123	0	32641	83.41
ERR2712911	13667	250	250	3245	994	0	0	0	0	12673	247	250	2385	12	7	0	11080	87.43
ERR2712417	50575	250	251	16541	10425	0	4	9	0	40137	240	250	8348	932	791	14	37315	92.97
ERR2712774	8662	250	250	1928	635	0	0	0	0	8027	247	250	1618	30	26	0	7061	87.97
ERR2712454	33539	250	250	9995	6563	5	0	9	0	26962	240	250	4844	242	216	8	25641	95.1
ERR2712698	56664	250	250	13771	4003	0	0	0	0	52661	247	250	9892	290	220	4	46808	88.89
ERR2712929	18489	250	250	6089	1983	0	0	0	0	16506	246	250	4644	43	27	2	13333	80.78
ERR2712888	10143	250	250	2842	774	0	0	0	0	9369	247	250	1662	16	10	0	8496	90.68
ERR2712419	58047	250	250	16500	8534	1	1	6	0	49505	244	250	11005	1057	852	17	44615	90.12
ERR2712590	27114	250	250	4114	1612	0	0	0	0	25502	249	250	5990	332	201	11	21347	83.71
ERR2712874	34052	250	250	8921	2681	0	0	1	0	31370	247	250	6281	69	48	0	27724	88.38
ERR2712410	51871	250	250	14388	8215	0	0	7	0	43649	244	250	11288	2147	1583	15	38745	88.76
ERR2712893	23316	250	250	6856	1970	0	0	0	0	21346	247	250	4473	46	21	0	18344	85.94
ERR2712646	4338	250	250	930	357	0	0	48	0	3933	248	250	742	37	25	1	3589	91.25
ERR2712876	46363	250	250	12227	4624	0	0	3	0	41736	246	250	8489	118	77	2	36528	87.52
ERR2712677	30868	250	250	9009	3329	0	0	0	0	27539	246	250	4781	220	145	3	24784	90.0
ERR2712891	25855	250	250	6702	2030	0	0	0	0	23825	247	250	3923	63	48	2	21916	91.99
ERR2712740	13170	250	250	3001	898	0	0	0	0	12272	248	250	2218	54	41	1	11135	90.74
ERR2712877	43941	250	250	11460	3735	0	0	0	0	40206	247	250	7808	104	62	1	35482	88.25
ERR2712775	17082	250	250	3953	1217	0	0	0	0	15865	247	250	2998	107	67	1	13807	87.03
ERR2712699	13009	250	250	3354	1048	0	0	0	0	11961	247	250	3396	93	65	0	9885	82.64
ERR2712644	9334	250	250	2007	980	0	0	40	0	8314	247	250	1131	27	24	2	8013	96.38
ERR2712742	12498	250	250	2732	970	0	0	0	0	11528	247	250	2152	54	37	1	10452	90.67
ERR2712425	46663	250	250	12705	7036	0	0	7	0	39620	244	250	8720	752	630	19	36743	92.74
ERR2712529	29762	250	250	4892	1680	0	0	2	0	28080	248	250	6564	651	351	8	23794	84.74
ERR2712678	16151	250	250	3852	1307	0	0	0	0	14844	248	250	4504	234	155	3	12032	81.06
ERR2712839	46198	250	250	14842	3920	0	0	0	0	42278	247	250	8822	176	105	0	36925	87.34
ERR2712603	32357	250	250	5067	1669	0	0	0	0	30688	248	250	5766	278	172	1	26848	87.49
ERR2712886	25348	250	250	7324	2409	0	0	0	0	22939	246	250	4106	45	32	0	20105	87.65
ERR2712594	16458	250	250	2817	852	0	0	0	0	15606	249	250	3093	131	93	1	13733	88.0
ERR2712850	34384	250	250	10334	2806	0	0	1	0	31577	247	250	7893	84	63	3	25749	81.54
ERR2712759	23295	250	250	7077	1992	0	0	1	0	21302	246	250	4999	88	57	0	18380	86.28
ERR2712712	9917	250	250	2164	753	0	0	0	0	9164	248	250	1825	50	35	0	8272	90.27
ERR2712472	33157	250	250	7893	4116	0	0	6	0	29035	246	250	5590	1338	1161	12	28148	96.95
ERR2712672	82828	250	250	22294	8026	0	0	0	0	74802	247	250	23687	669	488	11	60668	81.1
ERR2712768	51010	250	250	14991	3931	0	0	11	0	47068	247	250	8236	192	176	3	44906	95.41
ERR2712907	25092	250	250	5797	2385	0	0	0	0	22707	247	250	4777	36	28	0	19689	86.71
ERR2712582	17641	250	250	2533	1186	0	0	1	0	16454	249	250	5265	209	116	5	12490	75.91
ERR2712887	33425	250	250	8871	2859	0	0	0	0	30566	247	250	6908	64	42	0	26126	85.47
ERR2712864	17183	250	250	4928	1280	0	0	0	0	15903	247	250	3264	44	34	1	13911	87.47
ERR2712828	32226	250	250	7548	2219	0	0	0	0	30007	247	250	5130	85	56	3	27109	90.34
ERR2712913	13524	250	250	3454	1331	0	0	0	0	12193	246	250	1857	21	19	0	11673	95.74
ERR2712709	33265	250	250	9646	2528	0	0	0	0	30737	247	250	7281	183	134	3	26302	85.57
ERR2712620	20670	250	250	2933	846	0	0	0	0	19824	249	250	2767	127	79	0	17788	89.73
ERR2712812	16456	250	250	4010	1389	0	0	0	0	15067	247	250	3261	73	47	1	12917	85.73
ERR2712484	36990	250	250	8456	3576	0	0	7	0	33407	247	250	6408	1385	1107	18	32161	96.27
ERR2712651	2832	250	250	479	185	0	0	15	0	2632	248	250	427	23	13	1	2397	91.07
ERR2712756	32800	250	250	8738	2274	0	0	0	0	30526	247	250	6630	89	66	1	26489	86.78
ERR2712766	15821	250	250	4232	1312	0	0	0	0	14509	247	250	3187	55	41	1	12505	86.19
ERR2712508	29266	250	250	4073	1581	0	0	0	0	27685	248	250	7439	924	553	14	23077	83.36
ERR2712713	30845	250	250	6943	2669	0	0	0	0	28176	247	250	4139	96	84	0	27174	96.44
ERR2712541	31181	250	250	5511	1851	0	0	0	0	29330	248	250	8522	671	356	5	23168	78.99
ERR2712526	20193	250	250	4037	1064	0	0	1	0	19128	248	250	4958	413	232	4	15845	82.84
ERR2712857	8113	250	250	1882	527	0	0	0	0	7586	248	250	1616	10	7	0	6520	85.95
ERR2712673	29817	250	250	8634	2360	0	0	1	0	27456	247	250	6547	254	206	1	23824	86.77
ERR2712648	24765	250	250	4723	3873	1	1	32	0	20858	247	250	2795	52	49	2	19882	95.32
ERR2712631	16114	250	250	3612	2154	0	1	36	0	13923	247	250	2218	73	69	3	13446	96.57
ERR2712622	31758	250	250	4975	4358	0	0	19	0	27381	248	250	3851	134	124	2	25962	94.82
ERR2712764	17993	250	250	4400	1448	0	0	0	0	16545	247	250	3638	63	46	2	14373	86.87
ERR2712522	25872	250	250	4453	1245	0	0	0	0	24627	249	250	6098	705	393	7	21018	85.35
ERR2712583	24057	250	250	5151	1301	0	0	0	0	22756	248	250	4344	215	143	1	19839	87.18
ERR2712525	26219	250	250	4084	1178	0	0	0	0	25041	249	250	4946	563	337	3	21534	85.99
ERR2712518	14632	250	250	3002	688	0	0	0	0	13944	248	250	3243	377	185	2	11872	85.14
ERR2712581	31763	250	250	6888	1621	0	0	1	0	30141	248	250	6497	440	290	4	26416	87.64
ERR2712880	30450	250	250	8206	3214	0	0	0	0	27236	247	250	6590	67	35	1	22446	82.41
ERR2712814	35057	250	250	10162	2478	0	0	1	0	32578	247	250	6780	221	147	1	28302	86.87
ERR2712770	17151	250	250	5224	1282	0	0	0	0	15869	247	250	4740	65	45	3	12753	80.36
ERR2712882	18837	250	250	4931	1625	0	0	0	0	17212	247	250	3558	40	26	0	15141	87.97
ERR2712860	32461	250	250	10272	3183	0	1	0	0	29277	246	250	6835	135	82	3	25530	87.2
ERR2712700	15936	250	250	4663	1155	0	0	0	0	14781	247	250	3443	104	86	2	13198	89.29
ERR2712638	25504	250	250	6186	2531	0	0	15	0	22958	247	250	2862	71	69	1	21825	95.06
ERR2712683	3993	250	250	1215	351	0	0	0	0	3642	246	250	1131	40	31	1	2936	80.62
ERR2712540	35071	250	250	5581	2133	0	0	3	0	32935	248	250	6873	574	370	3	28304	85.94
ERR2712798	27757	250	250	6017	2274	0	0	0	0	25483	247	250	5791	158	103	3	21838	85.7
ERR2712738	15306	250	250	4823	1172	0	0	0	0	14134	247	250	3945	59	50	0	12118	85.74
ERR2712418	49851	250	250	14156	6078	0	0	8	0	43765	245	250	7737	1041	899	9	41297	94.36
ERR2712654	11647	250	250	2177	2379	1	0	0	0	9267	247	250	1340	13	8	0	8773	94.67
ERR2712799	33743	250	250	10720	2871	0	0	1	0	30871	247	250	7456	220	118	3	26460	85.71
ERR2712915	28056	250	250	8458	2160	0	0	0	0	25896	247	250	7592	88	52	2	20725	80.03
ERR2712923	5760	250	250	1125	418	0	0	8	0	5334	248	250	643	21	19	5	5252	98.46
ERR2712495	47445	250	250	7915	2700	0	0	1	0	44744	249	250	13863	2271	1181	29	36074	80.62
ERR2712852	35390	250	250	11285	3223	0	0	0	0	32167	246	250	7623	137	87	3	27335	84.98
ERR2712826	24899	250	250	6580	1858	0	0	3	0	23038	247	250	4767	74	49	4	19899	86.37
ERR2712481	26794	250	250	7515	4553	0	0	1	0	22240	244	250	4874	92	77	4	19177	86.23
ERR2712727	10517	250	250	3291	881	0	0	0	0	9636	247	250	2759	52	38	1	7831	81.27
ERR2712567	19916	250	250	3058	1069	0	0	0	0	18847	248	250	4716	289	144	4	15382	81.62
ERR2712483	30918	250	250	7518	2675	0	0	12	0	28231	247	250	5657	1154	973	16	27091	95.96
ERR2712816	22983	250	250	5229	1521	0	0	0	0	21462	247	250	3953	74	53	0	19043	88.73
ERR2712675	16283	250	250	4747	1414	0	0	0	0	14869	247	250	3570	120	95	0	12652	85.09
ERR2712793	28770	250	250	6917	2905	0	0	1	0	25864	247	250	5659	358	187	3	22327	86.32
ERR2712663	30306	250	250	5236	3078	1	0	18	0	27209	248	250	3571	37	32	1	25854	95.02
ERR2712562	23513	250	250	4087	1136	0	0	0	0	22377	248	250	4853	300	175	5	18590	83.08
ERR2712482	32012	250	250	7896	3397	0	0	11	0	28604	246	250	5516	766	657	9	27511	96.18
ERR2712739	19619	250	250	5339	1409	0	0	0	0	18210	247	250	3524	83	57	0	16143	88.65
ERR2712835	27884	250	250	8835	2408	0	0	0	0	25476	247	250	6482	227	148	1	21902	85.97
ERR2712809	33588	250	250	9878	4015	0	0	0	0	29573	246	250	9120	162	97	4	22998	77.77
ERR2712500	34570	250	250	5493	1992	0	0	1	0	32577	249	250	10192	1505	772	39	26306	80.75
ERR2712655	28882	250	250	4836	1946	0	0	3	0	26933	248	250	3823	35	31	0	24921	92.53
ERR2712791	32911	250	250	9263	2571	0	0	1	0	30339	247	250	7104	282	194	2	26028	85.79
ERR2712608	25998	250	250	4174	1567	0	0	0	0	24431	248	250	4266	221	135	2	21463	87.85
ERR2712523	31393	250	250	4956	1480	0	0	0	0	29913	249	250	7227	850	480	4	24884	83.19
ERR2712568	37873	250	250	7998	2512	0	0	3	0	35358	248	250	6668	391	234	7	30802	87.11
ERR2712504	36797	250	250	7418	1843	0	0	0	0	34954	248	250	7881	1206	711	4	30613	87.58
ERR2712565	22376	250	250	3324	1157	0	0	0	0	21219	249	250	4696	332	191	3	17547	82.69
ERR2712902	14503	250	250	3079	1265	0	0	0	0	13238	247	250	2217	24	15	0	11749	88.75
ERR2712503	24027	250	250	3577	1567	0	0	0	0	22460	248	250	7666	877	480	38	17636	78.52
ERR2712578	14301	250	250	2281	664	0	0	0	0	13637	249	250	2754	162	100	1	11872	87.06
ERR2712757	37982	250	250	10707	3140	0	0	0	0	34842	247	250	6363	139	111	3	32812	94.17
ERR2712716	13650	250	250	3790	1083	0	0	0	0	12567	247	250	2410	66	57	1	11289	89.83
ERR2712800	48365	250	250	13950	4012	0	0	2	0	44351	247	250	8578	225	149	5	39386	88.81
ERR2712517	23046	250	250	4116	1283	0	0	0	0	21763	248	250	5319	656	356	3	18146	83.38
ERR2712491	53289	250	250	9414	2846	0	0	0	0	50443	249	250	13877	2910	1634	9	42509	84.27
ERR2712645	5963	250	250	794	447	0	0	54	0	5462	248	250	827	47	34	2	5018	91.87
ERR2712838	24892	250	250	7137	2564	0	0	0	0	22328	247	250	5010	104	76	1	18714	83.81
ERR2712834	24001	250	250	6220	2058	0	0	0	0	21943	247	250	4904	95	55	2	18784	85.6
ERR2712686	75472	250	250	14812	5534	0	0	3	0	69935	247	250	13880	688	480	3	62802	89.8
ERR2712531	31320	250	250	5858	1603	0	0	0	0	29717	249	250	5625	497	296	1	25979	87.42
ERR2712896	20290	250	250	5675	1617	0	0	0	0	18673	247	250	3863	28	20	0	16102	86.23
ERR2712840	33657	250	250	8657	2836	0	0	0	0	30821	247	250	7767	97	54	1	25648	83.22
ERR2712719	11814	250	250	3146	924	0	0	0	0	10890	247	250	2496	42	32	0	9410	86.41
ERR2712653	10068	250	250	1353	757	0	2	12	0	9297	248	250	964	16	13	0	9034	97.17
ERR2712467	44198	250	250	11606	8002	6	8	22	0	36160	245	250	6903	200	185	8	34605	95.7
ERR2712426	32779	250	250	9902	5071	0	0	10	0	27698	243	250	5745	517	456	5	26546	95.84
ERR2712438	41582	250	250	11470	5144	0	0	23	0	36415	247	250	7222	516	459	5	34820	95.62
ERR2712445	33554	250	250	7950	4489	2	0	6	0	29057	246	250	5906	316	273	5	26891	92.55
ERR2712557	9205	250	250	1490	467	0	0	0	0	8738	248	250	1726	157	80	1	7528	86.15
ERR2712604	23327	250	250	3640	1246	0	0	0	0	22081	248	250	5857	244	143	1	17441	78.99
ERR2712505	22355	250	250	3324	1288	0	0	0	0	21067	249	250	4799	706	413	4	18039	85.63
ERR2712868	28243	250	250	9013	2376	0	0	0	0	25867	246	250	4937	56	42	1	22978	88.83
ERR2712708	18580	250	250	5942	1596	0	0	0	0	16984	247	250	3749	105	83	1	14687	86.48
ERR2712441	24150	250	250	8755	3777	1	0	6	0	20366	244	250	4728	235	218	6	19351	95.02
ERR2712460	46858	250	250	12639	6363	0	2	11	0	40482	246	250	7482	291	266	6	38428	94.93
ERR2712930	28348	250	250	7183	2074	0	0	0	0	26274	247	250	5720	34	26	2	22670	86.28
ERR2712939	14834	250	250	4523	1126	0	0	1	0	13707	247	250	4073	24	21	4	10955	79.92
ERR2712569	24457	250	250	3765	1399	0	0	1	0	23057	248	250	4665	208	139	2	19867	86.16
ERR2712873	11393	250	250	2631	1015	0	0	9	0	10369	247	250	1885	61	26	4	9691	93.46
ERR2712674	28025	250	250	8492	2412	0	0	0	0	25613	247	250	6259	212	164	2	22318	87.14
ERR2712933	27092	250	250	8719	3058	0	0	0	0	24034	246	250	5628	27	20	0	20751	86.34
ERR2712630	16537	250	250	2343	1511	0	0	29	0	14997	248	250	1831	64	62	1	14494	96.65
ERR2712635	39978	250	250	7290	4213	0	2	18	0	35745	247	250	5563	127	98	2	32831	91.85
ERR2712745	19143	250	250	5442	1399	0	0	0	0	17744	247	250	2654	71	66	4	17147	96.64
ERR2712753	16215	250	250	3259	1228	0	0	0	0	14987	247	250	2126	56	46	0	14154	94.44
ERR2712478	39273	250	250	13174	6012	0	0	2	0	33259	243	250	6377	135	122	3	30623	92.07
ERR2712623	16850	250	251	5130	2613	0	0	18	0	14219	244	250	2391	135	121	3	13466	94.7
ERR2712427	20115	250	250	5277	1799	0	0	8	0	18308	247	250	4332	1218	1144	65	17899	97.77
ERR2712668	22597	250	250	5463	2038	0	0	0	0	20559	247	250	4434	226	164	1	17957	87.34
ERR2712452	32945	250	250	8912	4770	0	0	7	0	28168	244	250	5739	255	219	5	26723	94.87
ERR2712741	6217	250	250	1440	584	0	0	0	0	5633	247	250	1621	30	20	0	4638	82.34
ERR2712489	25314	250	250	3551	1280	0	0	0	0	24034	249	250	6411	1808	932	16	20420	84.96
ERR2712533	29302	250	250	4500	1508	0	0	0	0	27794	249	250	6575	529	339	7	23580	84.84
ERR2712600	21627	250	250	3618	1217	0	0	1	0	20409	249	250	5435	246	153	3	16616	81.42
ERR2712722	9076	250	250	2109	590	0	0	0	0	8486	248	250	1004	41	40	0	8310	97.93
ERR2712733	25905	250	250	8244	1931	0	0	1	0	23973	247	250	6532	141	99	2	20004	83.44
ERR2712870	31947	250	250	9616	2706	0	0	1	0	29240	247	250	7683	77	47	1	24489	83.75
ERR2712695	26201	250	250	6219	2485	0	0	0	0	23716	246	250	6669	169	129	3	19709	83.1
ERR2712845	20602	250	250	4242	1825	0	0	1	0	18776	247	250	3103	46	32	1	17093	91.04
ERR2712532	29607	250	250	5033	1254	0	0	1	0	28352	249	250	5467	546	331	5	24661	86.98
ERR2712894	20993	250	250	4875	1667	0	0	0	0	19326	247	250	3985	38	25	1	16483	85.29
ERR2712430	44968	250	250	11901	6865	0	0	7	0	38096	244	250	9398	738	588	9	34415	90.34
ERR2712440	29348	250	250	8193	5601	4	8	8	0	23727	241	250	4635	271	258	12	22870	96.39
ERR2712499	52805	250	250	10268	2971	0	0	0	0	49834	248	250	12902	1993	1222	19	43367	87.02
ERR2712726	38949	250	250	11473	3198	0	0	1	0	35750	247	250	8415	198	149	5	31320	87.61
ERR2712406	48840	250	250	15199	10484	4	13	21	0	38318	239	250	10177	2727	2303	72	36190	94.45
ERR2712661	43140	250	250	7796	5832	0	0	14	0	37294	247	250	5815	83	70	2	34074	91.37
ERR2712899	8483	250	250	2487	945	0	0	0	0	7538	247	250	2113	39	17	4	5747	76.24
ERR2712520	39633	250	250	8156	1695	0	0	0	0	37938	249	250	11560	1125	594	11	30261	79.76
ERR2712597	17739	250	250	3603	933	0	0	0	0	16806	249	250	2850	169	114	1	15144	90.11
ERR2712428	32764	250	250	10902	5491	1	3	2	0	27267	242	250	6694	453	366	6	24724	90.67
ERR2712652	18683	250	250	2991	2012	1	2	6	0	16662	248	250	2650	44	41	0	15922	95.56
ERR2712946	30052	250	250	7618	2208	0	0	0	0	27844	247	250	5320	33	19	0	24082	86.49
ERR2712545	16330	250	250	2597	995	0	0	0	0	15335	248	250	3145	277	178	1	13489	87.96
ERR2712919	18986	250	250	4695	1303	0	0	0	0	17683	247	250	3420	23	12	1	15198	85.95
ERR2712544	18460	250	250	4042	940	0	0	0	0	17520	248	250	3982	290	178	6	14770	84.3
ERR2712688	43525	250	251	14331	5755	0	0	5	0	37765	245	250	7215	325	209	2	34271	90.75
ERR2712721	22558	250	250	5627	1692	0	0	0	0	20866	247	250	4514	151	115	6	18510	88.71
ERR2712670	16069	250	250	4068	1058	0	0	0	0	15011	248	250	2838	175	138	0	13881	92.47
ERR2712412	50276	250	250	14439	9410	0	1	15	0	40850	242	250	9440	1342	1089	4	37854	92.67
ERR2712609	16165	250	250	2506	749	0	0	0	0	15416	249	250	3419	182	106	2	12882	83.56
ERR2712556	21478	250	250	3059	1198	0	0	1	0	20279	248	250	5127	294	177	6	16620	81.96
ERR2712944	31315	250	250	9605	2148	0	0	0	0	29167	247	250	5789	33	23	0	25650	87.94
ERR2712821	36830	250	250	9607	2996	0	0	0	0	33834	247	250	6271	165	103	0	30206	89.28
ERR2712778	22181	250	250	6934	2410	0	0	0	0	19771	246	250	5030	76	52	1	17133	86.66
ERR2712787	37135	250	250	10834	2698	0	0	1	0	34436	247	250	8046	190	130	1	29414	85.42
ERR2712474	52786	250	250	15329	8366	0	0	6	0	44414	243	250	9571	227	174	5	39335	88.56
ERR2712767	42754	250	250	10257	2907	0	0	0	0	39847	247	250	8375	159	121	2	34509	86.6
ERR2712450	31831	250	250	9625	4845	0	0	9	0	26977	244	250	5434	249	215	1	25418	94.22
ERR2712614	28116	250	250	3883	1522	0	0	0	0	26594	249	250	5017	227	147	2	23358	87.83
ERR2712927	40373	250	250	9945	3561	0	0	0	0	36812	247	250	8058	75	55	3	31131	84.57
ERR2712509	27569	250	250	4036	1572	0	0	0	0	25997	248	250	7032	911	514	4	21560	82.93
ERR2712702	37115	250	250	9628	3273	0	0	0	0	33842	247	250	8581	236	158	1	28451	84.07
ERR2712945	32735	250	250	8844	3083	0	0	0	0	29652	247	250	5056	62	30	3	25890	87.31
ERR2712451	2694	250	250	468	232	0	0	8	0	2454	248	250	489	78	73	0	2392	97.47
ERR2712409	51610	250	250	17742	7522	0	0	10	0	44078	245	250	11346	2463	1942	36	40864	92.71
ERR2712943	36082	250	250	11751	2762	0	0	1	0	33319	247	250	7201	73	49	2	28742	86.26
ERR2712751	17020	250	250	4433	1417	0	0	0	0	15603	248	250	3483	98	69	2	13448	86.19
ERR2712486	59604	250	250	11714	4117	0	0	6	0	55481	248	250	16062	3353	1931	21	45985	82.88
ERR2712506	44102	250	250	7643	2479	0	0	3	0	41620	248	250	9150	1572	880	15	36258	87.12
ERR2712863	37172	250	250	8309	3105	0	0	0	0	34067	247	250	5817	69	47	0	30519	89.59
ERR2712641	12348	250	250	2256	1864	0	5	9	0	10470	247	250	1489	35	27	4	10166	97.1
ERR2712785	40499	250	250	9326	3492	0	0	0	0	37007	247	250	7227	304	202	2	33408	90.27
ERR2712779	7690	250	250	1716	546	0	0	0	0	7144	247	250	1374	35	29	0	6322	88.49
ERR2712831	28828	250	250	7689	2567	0	0	0	0	26261	247	250	6450	337	195	6	22329	85.03
ERR2712827	20210	250	250	5901	1615	0	0	0	0	18595	247	250	3737	78	50	2	16332	87.83
ERR2712878	45370	250	250	10409	4163	0	0	4	0	41203	247	250	7893	111	79	1	36820	89.36
ERR2712747	20093	250	250	4644	1615	0	0	0	0	18478	247	250	3592	85	67	0	17225	93.22
ERR2712830	19187	250	250	5798	1959	0	0	0	0	17228	246	250	3569	66	43	0	15180	88.11
ERR2712666	21609	250	250	6436	1911	0	0	0	0	19698	247	250	4517	195	141	0	17621	89.46
ERR2712656	26391	250	250	7500	2879	0	1	36	0	23475	247	250	3866	87	79	3	22585	96.21
ERR2712682	28315	250	250	9077	3710	0	0	1	0	24604	245	250	7798	259	182	0	19855	80.7
ERR2712431	38888	250	250	10470	6740	0	2	3	0	32143	244	250	6351	543	455	6	30043	93.47
ERR2712693	47528	250	250	12074	4469	0	0	0	0	43059	247	250	9611	321	236	5	36964	85.85
ERR2712591	20771	250	250	4549	1142	0	0	2	0	19627	249	250	4865	219	140	3	16506	84.1
ERR2712817	31216	250	250	7443	2750	0	0	2	0	28464	247	250	5379	144	98	1	25865	90.87
ERR2712662	36546	250	250	6971	3511	0	0	21	0	33014	247	250	4827	67	62	1	31244	94.64
ERR2712476	27013	250	250	6760	4351	3	6	15	0	22638	246	250	4395	127	116	2	21486	94.91
ERR2712922	13363	250	250	3152	1372	0	0	1	0	11990	247	250	2440	13	11	1	10320	86.07
ERR2712901	14919	250	250	3237	1088	0	0	0	0	13831	248	250	2532	19	14	0	11980	86.62
ERR2712605	12219	250	250	2318	646	0	0	0	0	11573	248	250	2962	116	72	0	9630	83.21
ERR2712552	22447	250	250	4614	1226	0	0	0	0	21221	248	250	4450	401	239	3	18164	85.59
ERR2712728	20046	250	250	4591	1436	0	0	0	0	18610	248	250	3226	119	93	3	16979	91.24
ERR2712519	28517	250	250	4264	1527	0	0	0	0	26990	249	250	6620	788	433	13	22604	83.75
ERR2712920	15043	250	250	4401	1390	0	0	0	0	13653	246	250	3232	17	12	1	11368	83.26
ERR2712909	26162	250	250	5906	2482	0	0	0	0	23680	247	250	4500	37	27	0	20600	86.99
ERR2712881	25390	250	250	6567	2101	0	0	1	0	23288	247	250	5834	41	35	0	19505	83.76
ERR2712563	19372	250	250	4254	1180	0	0	0	0	18192	248	250	6295	337	167	0	13594	74.73
ERR2712647	33315	250	250	5011	2829	1	3	25	0	30457	248	250	3722	53	42	1	28375	93.16
ERR2712485	35312	250	250	10343	4486	0	0	5	0	30821	245	250	7879	1163	793	8	27977	90.77
ERR2712903	16548	250	250	4202	1264	0	0	0	0	15284	248	250	2668	37	20	1	13481	88.2
ERR2712659	24984	250	250	5761	6117	0	3	10	0	18854	244	250	3109	56	49	2	17723	94.0
ERR2712921	10027	250	250	2433	721	0	0	0	0	9306	247	250	1983	15	13	0	7969	85.63
ERR2712477	45235	250	250	14841	7885	0	3	6	0	37341	242	250	7712	225	190	5	34961	93.63
ERR2712781	16314	250	250	3802	1154	0	0	0	0	15160	247	250	2596	49	38	0	13956	92.06
ERR2712550	23063	250	250	4498	1392	0	0	1	0	21670	248	250	5708	343	212	4	17810	82.19
ERR2712539	19212	250	250	3220	832	0	0	0	0	18380	249	250	4387	496	283	3	15533	84.51
ERR2712601	31584	250	250	4926	1392	0	0	0	0	30192	249	250	5882	272	174	3	25966	86.0
ERR2712794	38338	250	250	12005	3401	0	0	5	0	34932	247	250	7551	342	212	1	31134	89.13
ERR2712762	7575	250	250	2021	713	0	0	0	0	6862	246	250	1515	24	21	0	6211	90.51
ERR2712443	14996	250	250	3738	2247	0	0	13	0	12736	243	250	2140	125	118	6	12540	98.46
ERR2712492	19297	250	250	3135	1137	0	0	1	0	18159	248	250	6364	1256	638	20	14082	77.55
ERR2712589	16838	250	250	3583	953	0	0	0	0	15885	248	250	4773	212	134	7	12757	80.31
ERR2712841	35783	250	250	10449	3184	0	0	1	0	32598	246	250	7334	105	64	0	28081	86.14
ERR2712892	14953	250	250	3560	1222	0	0	0	0	13731	248	250	2192	17	14	0	12713	92.59
ERR2712761	15275	250	250	3503	1367	0	0	0	0	13908	247	250	3137	81	60	2	12509	89.94
ERR2712588	24616	250	250	3910	1106	0	0	0	0	23510	249	250	3802	216	133	0	20801	88.48
ERR2712606	11906	250	250	1744	658	0	0	0	0	11248	249	250	3155	142	85	2	8823	78.44
ERR2712593	16321	250	250	2458	663	0	0	0	0	15658	249	250	2654	108	66	0	13743	87.77
ERR2712679	17213	250	250	4572	1143	0	0	0	0	16070	247	250	2775	154	128	1	14988	93.27
ERR2712865	36009	250	250	10215	3252	0	0	3	0	32754	247	250	5613	96	67	2	29722	90.74
ERR2712535	26058	250	250	4195	1407	0	0	0	0	24651	248	250	6460	559	326	3	20135	81.68
ERR2712743	34425	250	250	9875	2531	0	0	1	0	31893	247	250	7098	223	146	0	27720	86.92
ERR2712734	7477	250	250	1891	545	0	0	0	0	6932	247	250	1588	41	19	2	5988	86.38
ERR2712547	30708	250	250	5622	1539	0	0	0	0	29169	248	250	6227	475	298	4	25231	86.5
ERR2712449	34840	250	250	9811	4663	1	0	6	0	30170	246	250	6064	271	225	7	28393	94.11
ERR2712704	8063	250	250	1755	524	0	0	0	0	7539	248	250	1327	58	44	0	6745	89.47
ERR2712897	23044	250	250	6808	1757	0	0	0	0	21287	247	250	4163	46	29	0	18793	88.28
ERR2712851	37271	250	250	9949	3432	0	0	0	0	33839	247	250	7620	109	66	0	28857	85.28
ERR2712936	22057	250	250	6031	1232	0	0	0	0	20825	248	250	3862	26	17	0	18518	88.92
ERR2712744	18892	250	250	5314	1436	0	0	0	0	17456	247	250	3430	98	66	2	15599	89.36
ERR2712435	10586	250	250	3041	1008	0	1	8	0	9569	246	250	1999	547	538	25	9452	98.78
ERR2712705	20856	250	250	5211	1411	0	0	0	0	19445	247	250	2768	117	111	0	18693	96.13
ERR2712466	58458	250	250	14895	8725	0	1	3	0	49729	246	250	10378	355	303	7	45483	91.46
ERR2712621	14750	250	250	2859	696	0	0	0	0	14054	248	250	2796	94	63	1	12291	87.46
ERR2712458	47268	250	250	13058	6486	0	1	3	0	40778	244	250	9209	403	316	8	36223	88.83
ERR2712546	19015	250	250	3344	1020	0	0	0	0	17995	248	250	3739	263	143	5	15171	84.31
ERR2712448	34291	250	250	9259	7801	0	0	15	0	26475	245	250	5427	350	336	2	25799	97.45
ERR2712437	36346	250	251	12939	4884	3	0	15	0	31444	245	250	7229	537	505	28	30268	96.26
ERR2712513	45584	250	250	7207	3495	0	0	0	0	42089	248	250	10408	1092	602	10	35199	83.63
ERR2712771	24191	250	250	6739	1751	0	0	0	0	22440	247	250	5526	70	53	2	19335	86.16
ERR2712639	31104	250	250	5290	3477	0	1	7	0	27619	247	250	4014	105	92	3	25991	94.11
ERR2712469	32866	250	250	10075	4677	0	2	19	0	28168	245	250	7519	1496	1270	85	26906	95.52
ERR2712941	29596	250	250	8281	2483	0	0	0	0	27113	247	250	5384	38	29	1	23532	86.79
ERR2712916	46292	250	250	12747	4337	0	0	0	0	41955	247	250	8291	105	61	1	37208	88.69
ERR2712735	17671	250	250	4893	1410	0	0	0	0	16261	247	250	4389	71	48	0	13622	83.77
ERR2712789	19234	250	250	4814	1630	0	1	0	0	17603	247	250	2967	147	121	1	16523	93.86
ERR2712592	24433	250	250	3585	1421	0	0	1	0	23011	248	250	3602	206	138	1	20849	90.6
ERR2712664	18650	250	250	3127	2102	1	3	44	0	16500	247	250	2104	28	25	1	15972	96.8
ERR2712867	22251	250	250	6282	1806	0	0	1	0	20444	247	250	4411	35	25	1	17798	87.06
ERR2712914	14511	250	250	3969	1151	0	0	0	0	13360	247	250	2411	10	8	0	11838	88.61
ERR2712932	23886	250	250	7573	1909	0	0	0	0	21977	247	250	6415	36	27	1	17734	80.69
ERR2712737	23255	250	250	5822	1726	0	0	0	0	21529	247	250	3616	66	51	1	19788	91.91
ERR2712494	29428	250	250	5761	2114	0	0	0	0	27314	248	250	6817	1309	790	9	23520	86.11
ERR2712456	34175	250	250	10023	4439	3	1	2	0	29730	245	250	5473	253	225	2	28484	95.81
ERR2712765	9239	250	250	2150	558	0	0	0	0	8681	248	250	1611	51	38	0	7996	92.11
ERR2712613	21966	250	250	4687	1336	0	0	0	0	20630	248	250	5950	240	156	3	16242	78.73
ERR2712797	35346	250	250	10916	3458	0	0	0	0	31888	246	250	7889	156	89	4	26168	82.06
ERR2712833	30984	250	250	10203	2602	0	0	0	0	28382	246	250	7209	367	219	3	24826	87.47
ERR2712530	28626	250	250	4559	1373	0	0	0	0	27253	249	250	5991	398	221	2	23033	84.52
ERR2712463	50672	250	250	13268	6869	3	0	5	0	43795	245	250	8432	279	246	6	40944	93.49
ERR2712510	27076	250	250	5727	1649	0	0	1	0	25426	248	250	9573	964	485	10	18482	72.69
ERR2712488	25592	250	250	5525	1318	0	0	0	0	24274	248	250	6265	1588	826	18	20907	86.13
ERR2712680	27402	250	250	7233	2594	0	0	0	0	24808	246	250	8037	279	168	0	19674	79.31
ERR2712788	11799	250	250	3480	902	0	0	0	0	10897	247	250	2334	73	44	1	9413	86.38
ERR2712558	21042	250	250	4387	1048	0	0	1	0	19993	248	250	4375	322	205	4	17110	85.58
ERR2712689	48559	250	250	14683	5052	0	0	0	0	43507	244	250	14044	420	290	3	35412	81.39
ERR2712848	40834	250	250	12135	5492	0	0	6	0	35336	246	250	8123	160	110	4	31273	88.5
ERR2712479	4633	250	250	1271	813	0	0	9	0	3811	242	250	653	47	42	1	3730	97.87
ERR2712640	15344	250	250	3670	3141	0	0	4	0	12199	245	250	2179	62	54	0	11505	94.31
ERR2712561	36702	250	250	4983	2480	0	0	0	0	34222	249	250	6214	390	258	4	29817	87.13
ERR2712736	23873	250	250	5833	2470	0	0	0	0	21403	247	250	7917	103	53	2	15880	74.2
ERR2712577	24216	250	250	3661	1337	0	0	0	0	22879	248	250	4640	313	197	1	19440	84.97
ERR2712832	18067	250	250	4247	1683	0	0	0	0	16384	247	250	3330	101	57	1	14241	86.92
ERR2712462	44006	250	250	11150	5187	0	2	8	0	38809	246	250	5899	227	196	4	36572	94.24
ERR2712820	17791	250	250	4718	1679	0	0	0	0	16112	247	250	3481	90	55	1	13724	85.18
ERR2712784	29160	250	250	8406	2685	0	0	1	0	26474	247	250	7839	253	160	4	21312	80.5
ERR2712935	20662	250	250	5870	2458	0	0	0	0	18204	246	250	5834	48	30	2	14349	78.82
ERR2712696	10727	250	250	2510	711	0	0	0	0	10016	247	250	1294	72	64	2	9673	96.58
ERR2712575	18148	250	250	2512	918	0	0	0	0	17230	249	250	3960	294	173	3	14389	83.51
ERR2712717	14923	250	250	4400	1213	0	0	0	0	13710	247	250	3774	108	83	2	11378	82.99
ERR2712884	16521	250	250	3527	1310	0	0	0	0	15211	247	250	2710	13	7	0	13395	88.06
ERR2712769	14226	250	250	3513	1094	0	0	0	0	13132	247	250	2578	47	34	0	11449	87.18
ERR2712786	29525	250	250	6870	2272	0	0	0	0	27253	247	250	5809	251	169	1	24287	89.12
ERR2712612	17211	250	250	2915	945	0	0	1	0	16265	248	250	3210	123	80	3	14119	86.81
ERR2712866	25021	250	250	5589	1962	0	0	0	0	23059	247	250	3952	59	38	0	20604	89.35
ERR2712543	12849	250	250	2086	857	0	0	0	0	11992	248	250	3187	301	142	3	9535	79.51
ERR2712780	28223	250	250	7862	2807	0	0	0	0	25416	247	250	6353	104	72	0	21345	83.98
ERR2712496	40177	250	250	9181	2067	0	0	1	0	38109	248	250	13054	1982	1021	22	29849	78.33
ERR2712528	19691	250	250	4127	1123	0	0	0	0	18568	248	250	4283	447	276	1	15936	85.83
ERR2712918	53441	250	250	13370	4424	0	0	0	0	49017	247	250	7451	59	40	2	44565	90.92
ERR2712551	19930	250	250	2808	999	0	0	1	0	18930	249	250	4049	335	188	4	15906	84.03
ERR2712610	20084	250	250	3431	944	0	0	0	0	19140	249	250	4000	174	130	12	16695	87.23
ERR2712579	34871	250	250	5048	1911	0	0	0	0	32960	248	250	6640	414	307	2	29222	88.66
ERR2712869	13895	250	250	3247	1052	0	0	0	0	12843	248	250	2514	16	12	0	11281	87.84
ERR2712660	25234	250	250	5377	2016	0	0	41	0	23177	248	250	2742	33	31	0	22308	96.25
ERR2712420	29382	250	250	7556	5423	0	0	17	0	23942	244	250	5009	663	643	14	23490	98.11
ERR2712453	50772	250	250	13418	6518	0	0	7	0	44247	246	250	7854	364	315	1	41859	94.6
ERR2712627	26002	250	250	4142	2567	0	0	38	0	23397	247	250	2958	112	98	0	22231	95.02
ERR2712511	36982	250	250	4784	2196	0	0	0	0	34786	249	250	8466	1343	730	13	29331	84.32
ERR2712904	28008	250	250	6182	2771	0	0	3	0	25234	247	250	6396	61	31	3	20629	81.75
ERR2712824	18032	250	250	5239	1469	0	0	0	0	16563	247	250	4076	76	52	0	14225	85.88
ERR2712667	23239	250	250	6315	1526	0	0	1	0	21712	247	250	4027	162	137	1	19553	90.06
ERR2712626	11594	250	250	2117	1732	0	1	13	0	9848	247	250	1451	51	44	0	9506	96.53
ERR2712855	27597	250	250	8590	2681	0	0	1	0	24915	245	250	6069	155	82	2	21341	85.66
ERR2712464	27418	250	250	8512	4390	1	1	1	0	23025	244	250	5135	141	112	1	20828	90.46
ERR2712611	16240	250	250	2475	908	0	0	1	0	15331	248	250	4733	206	125	3	12074	78.76
ERR2712414	50007	250	250	16945	9022	1	0	30	0	40954	241	250	8604	1264	1109	11	38875	94.92
ERR2712527	29155	250	250	4646	1684	0	0	0	0	27471	248	250	6918	730	399	3	22821	83.07
ERR2712421	32938	250	250	8943	5432	2	1	9	0	27494	244	250	6192	634	547	24	25818	93.9
ERR2712872	45545	250	250	11198	4436	0	0	1	0	41108	247	250	6250	100	81	2	37585	91.43
ERR2712928	30872	250	250	10387	4025	0	0	4	0	26843	245	250	6616	97	69	0	22719	84.64
ERR2712846	23013	250	250	8235	2129	0	0	3	0	20881	247	250	5561	131	74	2	17914	85.79
ERR2712416	43045	250	250	13258	5719	0	0	10	0	37316	244	250	8771	1113	934	11	34795	93.24
ERR2712634	37254	250	250	5996	2897	1	4	23	0	34329	248	250	4534	139	121	2	31513	91.8
ERR2712925	28520	250	250	6534	1653	0	0	0	0	26867	248	250	5420	33	20	1	23104	85.99
ERR2712718	15111	250	250	3314	1086	0	0	0	0	14025	247	250	3121	130	107	0	12451	88.78
ERR2712560	34007	250	250	7742	2017	0	0	2	0	31988	248	250	9280	580	346	7	25589	80.0
ERR2712803	5264	250	250	1290	376	0	0	0	0	4888	247	250	1264	25	16	0	4075	83.37
ERR2712497	40711	250	250	6611	2519	0	0	2	0	38190	248	250	10897	1906	1051	19	31457	82.37
ERR2712837	19728	250	250	6096	1735	0	0	0	0	17993	247	250	4276	46	32	0	15478	86.02
ERR2712823	10915	250	250	2845	829	0	0	0	0	10086	247	250	2191	54	37	0	8959	88.83
ERR2712436	35062	250	250	9347	4795	0	0	8	0	30259	244	250	6499	824	640	6	27760	91.74
ERR2712498	31940	250	250	5729	1683	0	0	0	0	30257	248	250	10523	1269	725	11	22991	75.99
ERR2712681	21624	250	250	5363	1495	0	0	0	0	20129	247	250	4607	142	94	0	17743	88.15
ERR2712475	21788	250	250	5559	1907	0	0	3	0	19878	247	250	4034	864	775	11	19461	97.9
ERR2712731	16137	250	250	4038	1260	0	0	0	0	14877	247	250	2858	64	49	1	13449	90.4
ERR2712599	22933	250	250	4858	1083	0	0	1	0	21849	248	250	4894	211	140	0	18741	85.78
ERR2712795	12219	250	250	3589	824	0	0	0	0	11395	247	250	2284	58	31	0	10155	89.12
ERR2712811	24831	250	250	7348	1814	0	0	1	0	23016	247	250	5364	102	62	0	19851	86.25
ERR2712842	37766	250	250	9939	3446	0	0	0	0	34320	247	250	5700	165	98	3	30493	88.85
ERR2712801	33168	250	250	8557	2183	0	0	0	0	30985	247	250	5390	144	100	1	28305	91.35
ERR2712926	32001	250	250	6739	3191	0	0	0	0	28810	247	250	4393	62	45	1	26840	93.16
ERR2712501	19043	250	250	3202	1083	0	0	0	0	17960	248	250	5335	796	382	13	14074	78.36
ERR2712772	12606	250	250	3555	1169	0	0	0	0	11437	245	250	4061	52	39	0	8729	76.32
ERR2712898	23974	250	250	5827	2045	0	0	0	0	21929	247	250	6317	37	21	1	17453	79.59
ERR2712906	20006	250	250	4744	1494	0	0	0	0	18512	248	250	2641	22	14	0	16799	90.75
ERR2712889	16923	250	250	4852	1415	0	0	2	0	15506	247	250	3490	27	21	3	13286	85.68
ERR2712853	27010	250	250	7196	1931	0	0	0	0	25079	247	250	6315	69	47	1	21222	84.62
ERR2712910	52135	250	250	13717	4390	0	0	1	0	47744	247	250	9871	84	57	2	41565	87.06
ERR2712559	27533	250	250	4507	1980	0	0	0	0	25553	248	250	5786	516	297	1	21723	85.01
ERR2712732	22366	250	250	5650	1797	0	0	0	0	20569	247	250	3633	85	80	4	19696	95.76
ERR2712758	17176	250	250	5361	1768	0	0	0	0	15408	246	250	4182	90	62	0	12794	83.03
ERR2712465	38584	250	250	10109	7048	0	1	18	0	31517	244	250	6005	223	183	5	30051	95.35
ERR2712807	17452	250	250	4865	1237	0	0	1	0	16214	246	250	3544	55	41	0	13629	84.06
ERR2712424	32330	250	250	10187	6186	0	0	2	0	26142	241	250	4963	478	433	7	25192	96.37
ERR2712514	30428	250	250	4843	1753	0	0	1	0	28674	249	250	6980	884	520	6	24284	84.69
ERR2712808	10209	250	250	2942	749	0	0	1	0	9459	247	250	1767	24	18	0	8393	88.73
ERR2712564	19904	250	250	3043	1022	0	0	1	0	18881	249	250	3897	273	166	1	15774	83.54
ERR2712534	20014	250	250	4169	871	0	0	0	0	19143	249	250	3995	386	256	4	16876	88.16
ERR2712804	15235	250	250	4216	1464	0	0	1	0	13770	247	250	3240	91	58	0	11902	86.43
ERR2712521	17790	250	250	2630	856	0	0	0	0	16934	249	250	3206	433	245	3	14758	87.15
ERR2712773	16023	250	250	4669	1448	0	0	0	0	14575	246	250	4559	68	44	0	11302	77.54
ERR2712470	33935	250	250	8567	4849	0	2	16	0	29068	246	250	4737	125	113	0	27754	95.48
ERR2712895	35124	250	250	10470	3126	0	0	2	0	31996	247	250	6564	68	49	1	27989	87.48
ERR2712616	21153	250	250	3603	1138	0	0	1	0	20014	249	250	4822	184	95	2	16655	83.22
ERR2712459	32036	250	250	9778	3999	0	2	6	0	28029	246	250	6410	188	155	2	25583	91.27
ERR2712802	23730	250	250	5140	1502	0	0	15	0	22213	248	250	2449	85	83	3	21968	98.9
ERR2712725	15206	250	250	4171	1070	0	0	0	0	14136	247	250	3603	65	44	0	12084	85.48
ERR2712446	66339	250	250	16594	9861	2	7	4	0	56465	246	250	10361	563	486	10	52965	93.8
ERR2712580	19029	250	250	2892	905	0	0	0	0	18124	249	250	3772	218	128	3	15744	86.87
ERR2712849	33224	250	250	8406	2817	0	0	0	0	30407	247	250	5469	51	36	1	27016	88.85
ERR2712908	24708	250	250	5697	2110	0	0	0	0	22598	247	250	4441	27	19	0	19714	87.24
ERR2712444	35162	250	251	14419	5836	2	1	6	0	29317	243	250	7160	406	387	9	28348	96.69
ERR2712755	22541	250	250	6063	2110	0	0	0	0	20431	246	250	5273	95	64	5	17260	84.48
ERR2712714	36360	250	250	10106	3776	0	0	0	0	32584	246	250	7053	231	167	3	27520	84.46
ERR2712487	27527	250	250	4020	1617	0	0	0	0	25910	248	250	6580	1662	779	28	21967	84.78
ERR2712783	20342	250	250	3977	1350	0	0	1	0	18991	247	250	6063	78	50	4	14307	75.34
ERR2712859	22964	250	250	6343	2057	0	0	0	0	20907	247	250	5718	91	49	0	17044	81.52
ERR2712825	33863	250	250	7764	2967	0	0	0	0	30896	247	250	6926	120	70	4	25936	83.95
ERR2712752	13504	250	250	3605	1000	0	0	0	0	12504	247	250	2225	55	36	1	11264	90.08
ERR2712615	27614	250	250	6340	1719	0	0	0	0	25895	248	250	7945	220	147	11	20558	79.39
ERR2712931	19485	250	250	4922	1757	0	0	0	0	17728	247	250	4180	24	18	1	14902	84.06
ERR2712572	28915	250	250	4523	1439	0	0	0	0	27476	248	250	6637	484	290	4	22516	81.95
ERR2712439	59451	250	250	18259	9292	0	1	11	0	50147	243	250	10423	659	569	5	47063	93.85
ERR2712461	16483	250	250	4624	4084	1	0	1	0	12397	243	250	2359	90	85	1	11650	93.97
ERR2712457	40099	250	250	10842	7431	0	3	12	0	32653	242	250	6119	226	197	2	30692	93.99
ERR2712746	7714	250	250	1965	608	0	0	0	0	7106	247	250	1773	30	24	1	5827	82.0
ERR2712429	16874	250	250	4390	2688	0	0	0	0	14186	244	250	3053	297	220	2	12707	89.57
ERR2712507	22922	250	250	4077	1223	0	0	0	0	21699	248	250	7518	762	377	31	16857	77.69
ERR2712715	43350	250	250	11151	3076	0	0	0	0	40274	247	250	8722	254	177	0	34705	86.17
ERR2712819	22774	250	250	6189	1830	0	0	0	0	20944	247	250	5390	69	40	0	17392	83.04
ERR2712576	20268	250	250	4091	1057	0	0	0	0	19211	248	250	4293	270	158	0	16370	85.21
ERR2712883	19224	250	250	4753	1435	0	0	0	0	17789	248	250	3437	52	23	0	15497	87.12
ERR2712875	11847	250	250	3094	812	0	0	0	0	11035	247	250	2034	38	24	1	9948	90.15
ERR2712628	30078	250	250	6045	3536	2	2	12	0	26526	246	250	4154	151	126	2	24246	91.4
ERR2712847	35386	250	250	9642	4160	0	0	2	0	31224	246	250	6797	249	136	8	27540	88.2
ERR2712917	32423	250	250	7929	2508	0	0	0	0	29915	247	250	6950	43	30	0	24631	82.34
ERR2712553	20754	250	250	3161	1171	0	0	0	0	19583	249	250	3752	309	191	2	17054	87.09
ERR2712676	12393	250	250	2813	923	0	0	1	0	11469	247	250	2905	121	87	0	9833	85.74
ERR2712637	30093	250	250	4829	2608	1	2	20	0	27462	248	250	3504	98	83	6	26580	96.79
ERR2712720	42457	250	250	8039	2177	0	0	0	0	40280	248	250	4443	142	135	1	39495	98.05
ERR2712694	26043	250	250	7120	2253	0	0	0	0	23790	246	250	7224	193	130	4	19144	80.47
ERR2712822	34918	250	250	8686	2781	0	0	0	0	32137	247	250	6459	122	75	0	28098	87.43
ERR2712706	17693	250	250	4391	1238	0	0	0	0	16455	247	250	3491	127	85	1	13806	83.9
ERR2712806	12974	250	250	3095	1033	0	0	0	0	11941	247	250	2191	37	25	0	10821	90.62
ERR2712843	44354	250	250	13314	3379	0	0	1	0	40974	247	250	10923	134	89	2	34060	83.13
ERR2712690	34026	250	250	8269	2762	0	0	0	0	31264	247	250	7770	377	260	6	27277	87.25
ERR2712671	43046	250	250	12292	3943	0	0	0	0	39103	246	250	8560	391	305	4	35125	89.83
ERR2712890	23872	250	250	6964	2150	0	0	1	0	21721	247	250	4311	82	55	0	19390	89.27
ERR2712596	24374	250	250	3644	1198	0	0	0	0	23176	249	250	4643	404	249	1	20267	87.45
ERR2712697	19991	250	250	5228	1589	0	0	0	0	18402	246	250	5826	164	117	1	14854	80.72
ERR2712571	29060	250	250	5315	1953	0	0	3	0	27104	248	250	6457	290	188	2	22505	83.03
ERR2712810	12680	250	250	3897	1196	0	0	1	0	11483	246	250	2667	104	61	1	10033	87.37
ERR2712818	29644	250	250	6895	2162	0	0	0	0	27482	247	250	5598	103	73	0	23879	86.89
ERR2712595	28589	250	250	4495	1574	0	0	1	0	27014	248	250	6277	375	247	4	22675	83.94
ERR2712900	35029	250	250	8447	3406	0	0	0	0	31623	247	250	5869	69	37	2	27203	86.02
ERR2712516	20978	250	250	3150	981	0	0	0	0	19997	249	250	4996	693	360	5	16806	84.04
ERR2712411	74130	250	250	21959	11249	0	1	2	0	62878	243	250	15560	2678	2015	15	56594	90.01
ERR2712763	25851	250	250	6429	1775	0	0	0	0	24076	247	250	4972	105	62	2	21183	87.98
ERR2712844	40252	250	251	11128	4128	0	0	0	0	36124	247	250	7695	506	291	4	31715	87.79
ERR2712407	43338	250	250	13458	6004	0	0	12	0	37322	245	250	11226	2903	2523	113	35058	93.93
ERR2712471	34518	250	250	9227	6270	0	0	23	0	28225	242	250	4910	128	117	4	27086	95.96
ERR2712760	16669	250	250	4344	1331	0	0	0	0	15338	247	250	3821	55	32	0	12896	84.08
ERR2712548	21970	250	250	3335	1159	0	0	0	0	20811	248	250	4767	343	190	3	17354	83.39
ERR2712442	30242	250	250	7935	4344	0	0	8	0	25890	245	250	4289	265	240	4	25114	97.0
ERR2712937	38681	250	250	10372	3314	0	0	1	0	35366	247	250	7070	51	30	1	30870	87.29
ERR2712790	40937	250	250	10931	3683	0	0	0	0	37254	247	250	10812	491	300	1	30072	80.72
ERR2712940	12811	250	250	4323	1204	0	0	0	0	11607	246	250	2124	28	22	0	10578	91.13
ERR2712538	16626	250	250	2977	861	0	0	0	0	15765	248	250	3747	342	186	1	12661	80.31
ERR2712636	27763	250	250	6489	4361	0	5	11	0	23386	246	250	3678	113	99	0	21741	92.97
ERR2712905	19834	250	250	5932	1746	0	0	0	0	18088	246	250	3204	48	41	0	16467	91.04
ERR2712415	47527	250	251	16014	11127	0	0	8	0	36392	237	250	8306	944	767	13	33619	92.38
ERR2712536	16691	250	250	3552	730	0	0	0	0	15961	249	250	3427	328	215	1	13867	86.88
ERR2712602	16084	250	250	2771	798	0	0	0	0	15286	248	250	3256	173	116	2	12850	84.06
ERR2712434	42275	250	250	11573	6052	0	2	4	0	36217	244	250	8304	908	736	9	33137	91.5
ERR2712549	22633	250	250	3990	1341	0	0	2	0	21290	248	250	4545	433	241	6	18124	85.13
ERR2712408	56104	250	251	17775	12999	0	0	14	0	43091	238	250	11946	2175	1757	71	40151	93.18
ERR2712650	11326	250	250	1989	1389	1	2	13	0	9921	247	250	1296	26	24	1	9643	97.2
ERR2712619	15010	250	250	2406	907	0	0	0	0	14103	248	250	2660	136	100	0	12376	87.75
ERR2712643	27586	250	250	4872	2845	3	6	85	0	24647	247	250	3305	64	60	0	23552	95.56
ERR2712524	24192	250	250	3650	1198	0	0	0	0	22994	249	250	4965	535	308	8	19973	86.86
ERR2712691	42536	250	250	11655	3628	0	0	0	0	38908	247	250	8967	769	531	5	34467	88.59
ERR2712938	23213	250	250	5676	2058	0	0	0	0	21155	247	250	4932	16	10	1	17675	83.55
ERR2712657	45177	250	250	7816	4744	2	1	62	0	40368	247	250	4954	72	60	2	38234	94.71
ERR2712862	33443	250	251	9977	3108	0	0	2	0	30333	247	250	6486	103	70	2	26271	86.61
ERR2712730	32392	250	250	8367	2569	0	0	1	0	29822	247	250	6663	222	163	0	26392	88.5
ERR2712776	17504	250	250	4558	1447	0	0	0	0	16057	247	250	3424	71	46	2	13852	86.27
ERR2712861	26424	250	250	8152	3090	0	0	0	0	23334	246	250	6841	155	88	0	19081	81.77
ERR2712858	31427	250	250	8272	3432	0	0	0	0	27995	247	250	6391	153	82	3	24382	87.09
ERR2712570	29240	250	250	5055	1408	0	0	1	0	27831	249	250	5234	313	206	2	24416	87.73
ERR2712777	10751	250	250	2654	719	0	0	0	0	10032	247	250	1740	19	14	1	9062	90.33
ERR2712813	24708	250	250	5832	1909	0	0	0	0	22799	247	250	4299	95	73	1	20308	89.07
ERR2712854	40802	250	250	12566	3250	0	0	0	0	37552	247	250	8665	217	148	8	32564	86.72
ERR2712665	19725	250	250	3274	2210	2	0	79	0	17434	247	250	2271	32	27	2	16860	96.71
ERR2712422	36395	250	250	10017	6710	0	0	7	0	29678	242	250	6096	926	838	23	28523	96.11
ERR2712707	37608	250	250	10311	3244	0	0	0	0	34364	247	250	7154	240	162	0	29792	86.7
ERR2712468	43691	250	250	11295	6130	1	0	15	0	37545	246	250	7029	279	243	6	35462	94.45
ERR2712792	20847	250	251	6274	2546	0	0	0	0	18301	245	250	5409	245	125	1	14268	77.96
ERR2712512	29547	250	250	5870	1501	0	0	0	0	28046	248	250	7058	906	532	3	24611	87.75
ERR2712618	17131	250	250	2955	847	0	0	0	0	16284	248	250	3214	143	90	1	14111	86.66
ERR2712587	24696	250	250	4019	1357	0	0	0	0	23339	248	250	5765	303	163	2	19518	83.63
ERR2712555	22631	250	250	3960	1146	0	0	0	0	21485	249	250	4134	387	237	1	18780	87.41
ERR2712687	47358	250	250	11172	5549	0	0	15	0	41794	247	250	5432	207	164	4	40305	96.44
ERR2712480	33192	250	250	8585	5219	0	2	1	0	27970	245	250	6541	150	112	2	24594	87.93
ERR2712455	38927	250	250	11058	6145	0	1	12	0	32769	243	250	5894	231	201	2	30965	94.49
ERR2712748	28853	250	250	6625	1949	0	0	0	0	26904	248	250	5155	186	125	1	24934	92.68
ERR2712515	30106	250	250	5178	1694	0	0	0	0	28412	248	250	6963	892	452	6	23571	82.96
ERR2712554	26265	250	250	4543	1369	0	0	0	0	24896	248	250	3741	358	238	5	22642	90.95
ERR2712723	54649	250	250	16024	4647	0	0	0	0	50002	247	250	13651	255	162	2	40883	81.76
ERR2712423	46691	250	250	14453	9167	0	1	11	0	37512	241	250	7525	741	666	11	35726	95.24
ERR2712607	18398	250	250	3968	1016	0	0	0	0	17382	248	250	3444	155	103	7	15010	86.35
ERR2712749	25763	250	250	7547	1886	0	0	0	0	23877	247	250	4994	80	60	0	20917	87.6
ERR2712658	39524	250	250	9845	5718	2	3	51	0	33750	245	250	5801	105	93	3	31741	94.05
ERR2712625	21330	250	250	3903	1841	0	0	10	0	19479	247	250	2609	90	78	0	18586	95.42
ERR2712502	27507	250	250	5423	1465	0	0	0	0	26042	248	250	6771	1025	632	21	22003	84.49
ERR2712542	16330	250	250	3290	855	0	0	1	0	15474	248	250	4031	350	220	2	13065	84.43
ERR2712912	38598	250	250	8475	2761	0	0	0	0	35837	248	250	7668	74	51	0	30577	85.32
ERR2712493	44106	250	250	7934	3078	0	0	5	0	41023	248	250	11883	2137	1189	16	33725	82.21
ERR2712885	19501	250	250	4929	1467	0	1	0	0	18033	247	250	3533	35	26	0	15928	88.33
ERR2712617	22588	250	250	4378	1056	0	0	0	0	21532	248	250	4051	237	152	2	19058	88.51
ERR2712586	15487	250	250	2937	808	0	0	0	0	14679	248	250	3457	188	116	2	12023	81.91
ERR2712710	30647	250	250	7383	2633	0	0	1	0	28013	247	250	4336	125	95	2	25895	92.44
ERR2712724	48343	250	250	14826	4040	0	0	0	0	44303	246	250	12509	233	161	8	37054	83.64
ERR2712490	42948	250	250	7628	2385	0	0	1	0	40562	248	250	13941	2570	1426	42	32635	80.46
ERR2712934	23096	250	250	6442	1927	0	0	0	0	21169	247	250	4451	20	11	1	18010	85.08
ERR2712413	42430	250	250	12768	7498	0	0	18	0	34914	242	250	7388	1118	990	11	33234	95.19
ERR2712711	45550	250	250	15785	5522	0	0	1	0	40027	244	250	9292	270	184	1	34327	85.76
ERR2712642	13566	250	250	2468	1596	1	1	56	0	11912	247	250	1722	51	47	3	11476	96.34
ERR2712649	14972	250	250	2703	2091	3	5	23	0	12850	248	250	1810	23	20	0	12324	95.91
ERR2712856	23303	250	250	5925	1740	0	0	0	0	21563	247	250	5541	73	46	0	17873	82.89
ERR2712729	32270	250	250	7648	3043	0	0	0	0	29227	247	250	9887	274	180	7	23911	81.81
ERR2712584	22605	250	250	3587	1419	0	0	1	0	21185	248	250	4015	248	149	3	18380	86.76
